Id,LotFrontage,LotArea,OverallQual,OverallCond,YearBuilt,YearRemodAdd,1stFlrSF,2ndFlrSF,GrLivArea,BsmtFullBath,BsmtHalfBath,FullBath,HalfBath,BedroomAbvGr,KitchenAbvGr,TotRmsAbvGrd,Fireplaces,GarageCars,GarageArea,OpenPorchSF,EnclosedPorch,3SsnPorch,ScreenPorch,PoolArea,SalePrice
136,80,10400,7,6,1970,1970,1682,0,1682,0,0,2,0,3,1,7,1,2,530,0,0,0,0,0,174000
1453,35,3675,5,5,2005,2005,1072,0,1072,1,0,1,0,2,1,5,0,2,525,28,0,0,0,0,145000
763,72,8640,7,5,2009,2009,764,783,1547,0,0,2,1,3,1,7,0,2,614,45,0,0,0,0,215200
933,84,11670,9,5,2006,2006,1905,0,1905,0,0,2,0,3,1,8,1,3,788,191,0,0,0,0,320000
436,43,10667,7,6,1996,1996,827,834,1661,1,0,2,1,3,1,6,1,2,550,61,0,0,0,0,212000
630,82,9020,6,5,1964,1964,1350,0,1350,1,0,1,1,3,1,6,0,2,520,0,0,0,0,0,168500
1211,70,11218,6,5,1992,1992,1055,790,1845,0,0,2,1,3,1,8,1,2,462,104,0,0,0,0,189000
1119,85,13825,5,6,1958,1987,1021,580,1601,0,1,1,0,3,1,6,0,1,300,34,0,0,0,0,140000
1085,70,13031,6,5,1995,1996,691,807,1498,0,0,2,1,3,1,6,1,2,409,44,0,0,0,0,187500
159,100,12552,7,5,2004,2005,991,956,1947,0,0,2,1,3,1,8,1,2,678,136,0,0,0,0,254900
968,70,7390,5,7,1955,1955,1098,0,1098,1,0,1,0,3,1,6,0,1,260,0,0,0,0,0,135000
1260,65,9750,6,8,1969,1969,1054,0,1054,1,0,1,1,3,1,6,0,2,460,0,0,0,80,0,151000
552,50,6000,5,6,1957,1957,928,0,928,0,0,1,0,3,1,5,0,1,288,0,0,0,0,0,112500
498,60,9120,7,6,1925,1950,1133,687,1820,1,0,2,0,4,1,8,0,1,240,100,0,0,0,0,184000
1032,102,15863,7,3,1920,1970,1687,998,3082,1,0,2,1,5,1,12,2,2,672,63,0,0,0,0,197000
1263,70,11250,4,5,1957,1989,1104,684,1788,1,0,1,0,5,1,8,2,1,304,0,0,0,0,0,161500
1014,60,7200,5,4,1910,2006,1022,0,1022,1,0,1,0,2,1,4,0,1,280,30,226,0,0,0,85000
1312,68,8814,7,5,2005,2007,1274,0,1274,1,0,2,0,3,1,6,0,2,508,98,0,0,0,0,203000
567,77,11198,9,5,2005,2007,1134,1370,2504,0,0,2,1,4,1,11,1,3,656,39,0,0,0,0,325000
611,70,11050,9,5,2000,2000,1476,677,2153,1,0,2,1,3,1,8,2,3,736,142,0,0,0,0,313000
1279,75,9473,8,5,2002,2002,1128,903,2031,1,0,2,1,3,1,7,1,2,577,211,0,0,0,0,237000
1264,60,13515,6,6,1919,1950,1060,764,1824,0,0,1,0,3,1,8,1,2,520,0,126,0,0,0,180500
817,70,11425,5,6,1954,1954,1008,0,1008,0,0,1,0,2,1,4,1,1,275,0,120,0,0,0,137000
439,40,4280,5,6,1913,2002,694,0,694,0,0,1,0,2,1,4,1,1,352,0,34,0,0,0,90350
941,55,12640,6,5,1976,1976,1728,0,1728,0,0,2,0,4,2,8,0,2,574,0,0,0,0,0,150900
97,78,10264,7,5,1999,1999,1588,0,1588,0,0,2,0,3,1,6,0,2,472,29,0,0,0,0,214000
561,70,11341,5,6,1957,1996,1392,0,1392,1,0,1,1,3,1,5,1,2,528,0,0,0,95,0,121500
1183,160,15623,10,5,1996,1996,2411,2065,4476,1,0,3,1,4,1,10,2,3,813,78,0,0,0,555,745000
472,92,11952,7,6,1977,1977,1161,808,1969,0,0,2,1,3,1,8,1,2,534,0,0,0,276,0,190000
1005,43,3182,7,5,2005,2006,1504,0,1504,0,0,2,0,1,1,7,1,2,457,0,0,0,0,0,181000
411,68,9571,5,3,1958,1958,1276,0,1276,0,0,1,0,3,1,5,0,1,350,0,0,0,0,0,60000
964,122,11923,9,5,2007,2007,1800,0,1800,0,0,2,0,2,1,7,0,2,702,136,0,0,0,0,239000
583,81,11841,6,5,1990,1990,816,0,816,1,0,1,0,3,1,5,0,0,0,32,0,0,0,0,118500
157,60,7200,5,7,1950,1950,1040,0,1040,0,0,1,0,2,1,5,0,2,625,0,0,0,0,0,109500
595,88,7990,5,6,1975,1975,924,0,924,0,0,1,0,3,1,5,0,1,280,0,0,0,0,0,110000
618,59,7227,6,6,1954,1954,832,0,832,0,0,1,0,2,1,4,0,2,528,0,0,0,0,0,105500
448,70,11214,7,5,1998,1999,956,930,1886,0,0,2,1,4,1,10,1,2,431,0,0,0,0,0,199900
1206,90,14684,7,7,1990,1991,2196,0,2196,0,0,2,0,3,1,7,1,3,701,70,0,0,0,0,271900
862,75,11625,5,4,1965,1965,1039,0,1039,1,0,1,1,3,1,6,0,2,504,0,0,0,0,0,131500
1011,115,21286,5,5,1948,1950,720,551,1271,0,0,2,0,4,1,7,1,1,312,0,108,0,0,0,135000
391,50,8405,5,8,1900,1950,961,406,1367,1,0,1,0,4,1,7,0,1,384,130,112,0,0,0,119000
1410,46,20544,7,6,1986,1991,1236,857,2093,0,0,2,1,3,1,7,1,2,542,63,0,0,0,0,215000
848,36,15523,5,6,1972,1972,864,0,864,1,0,1,0,3,1,5,1,1,338,0,0,0,0,0,133500
1285,50,9638,6,7,1919,1990,1699,748,2447,0,0,2,0,4,1,10,1,1,336,0,42,0,116,0,169000
616,80,8800,6,7,1963,1963,1054,0,1054,1,0,1,0,3,1,6,0,2,480,0,0,0,0,0,137500
614,70,8402,5,5,2007,2007,1120,0,1120,0,0,1,0,3,1,6,0,0,0,30,0,0,0,0,147000
1304,73,8688,7,5,2005,2005,1616,0,1616,0,0,2,0,3,1,7,0,3,834,59,0,0,0,0,232000
487,79,10289,5,7,1965,1965,1073,0,1073,1,0,1,1,3,1,6,0,2,515,0,0,0,0,0,156000
562,77,10010,5,5,1974,1975,1389,0,1389,1,0,1,0,2,1,6,1,2,418,38,0,0,0,0,170000
309,70,12342,4,5,1940,1950,861,0,861,0,0,1,0,1,1,4,0,2,539,0,0,0,0,0,82500
462,60,7200,7,9,1936,2007,575,560,1135,1,0,1,0,3,1,6,0,2,576,0,0,0,0,0,155000
1143,77,9965,8,5,2006,2007,1466,1362,2828,1,0,3,0,4,1,11,1,3,1052,144,0,0,0,0,424870
731,39,5389,8,5,1995,1996,1616,0,1616,1,0,2,0,2,1,5,1,2,608,152,0,0,0,0,236500
1156,90,10768,5,8,1976,2004,1437,0,1437,1,0,2,0,3,1,6,1,2,528,21,0,0,180,0,218000
1204,75,9750,7,5,2000,2001,1630,0,1630,0,0,2,0,3,1,6,1,2,451,234,0,0,0,0,213000
701,85,14331,8,5,2002,2002,1800,0,1800,1,0,2,0,3,1,7,1,3,765,78,0,0,0,0,312500
850,80,9600,6,7,1976,1994,1094,761,1855,0,0,2,1,3,1,7,1,2,512,100,0,0,0,0,187000
1261,70,24682,6,5,1999,1999,892,783,1675,0,0,2,1,3,1,7,1,2,502,103,0,0,0,0,181000
788,76,10142,7,5,2004,2004,956,1128,2084,1,0,2,1,4,1,8,0,2,618,45,0,0,0,0,233000
353,60,9084,5,6,1941,1950,616,495,1111,0,1,1,0,3,1,5,0,1,200,0,0,0,0,0,95000
711,56,4130,3,6,1935,2003,729,0,729,0,0,1,0,2,1,5,0,0,0,0,0,0,0,0,52000
125,48,17043,6,5,1979,1998,1586,0,1586,0,0,2,0,3,1,7,1,2,435,0,0,0,0,0,181000
179,63,17423,9,5,2008,2009,2234,0,2234,1,0,2,0,1,1,9,1,3,1166,60,0,0,0,0,501837
288,70,8125,4,4,1971,1971,858,0,858,0,0,1,0,3,1,5,0,0,0,0,0,0,0,0,88000
1408,70,8780,5,5,1985,1985,833,0,833,1,0,1,0,3,1,5,0,0,0,0,0,0,0,0,112000
1209,70,7763,5,7,1962,1980,1283,0,1283,1,0,1,0,3,1,6,0,2,506,0,0,0,0,0,140000
295,80,9600,6,5,1953,1953,1644,0,1644,1,0,1,0,3,1,7,2,2,418,0,0,0,0,0,167000
328,80,11600,6,5,1960,1960,1383,0,1383,0,0,1,1,3,1,7,0,1,292,45,0,0,0,0,145250
1457,85,13175,6,6,1978,1988,2073,0,2073,1,0,2,0,3,1,7,2,2,500,0,0,0,0,0,210000
842,60,10440,5,8,1904,2002,958,581,1539,0,0,2,0,3,1,8,1,2,686,78,68,0,0,0,157500
1122,84,10084,7,5,2005,2006,1552,0,1552,0,0,2,0,3,1,7,0,3,782,20,0,0,0,0,212900
932,70,9100,5,6,1965,1965,925,0,925,0,1,1,0,2,1,5,0,1,429,0,0,0,0,0,117500
237,65,8773,7,5,2004,2004,1414,0,1414,0,0,2,0,3,1,6,0,2,494,105,0,0,0,0,185500
89,105,8470,3,2,1915,1982,1013,0,1526,0,0,1,0,2,1,6,0,0,0,0,156,0,0,0,85000
887,70,8393,5,5,1959,2005,1712,0,1712,0,0,2,0,4,2,8,0,2,588,54,0,0,0,0,145000
553,87,11146,8,5,2006,2006,1717,0,1717,0,0,2,0,3,1,7,1,3,908,39,0,0,0,0,255500
631,50,9000,5,6,1880,1991,1089,661,1750,0,0,1,0,3,1,8,0,1,240,0,293,0,0,0,124000
1353,50,6000,6,9,1937,2000,786,390,1176,0,0,1,0,2,1,4,0,2,624,0,0,0,0,0,134900
666,106,11194,8,5,2000,2000,1454,482,1936,0,0,2,1,3,1,7,1,2,504,124,0,0,0,0,230500
901,70,7340,4,6,1971,1971,858,0,858,0,0,1,0,2,1,4,0,1,684,0,0,0,0,0,110000
291,120,15611,8,5,2006,2006,1079,840,1919,0,0,2,1,3,1,8,1,2,685,51,0,0,0,0,233230
1383,60,7200,7,7,1920,1950,998,764,1762,1,0,1,1,4,1,8,0,2,576,0,221,0,0,0,157000
571,74,13101,5,5,1965,1965,1728,0,1728,0,0,2,0,6,2,10,0,2,576,0,0,0,0,0,142600
349,36,2448,7,5,2003,2004,764,862,1626,1,0,2,1,2,1,6,0,2,474,27,0,0,0,0,154000
545,58,17104,7,5,2006,2006,664,832,1496,1,0,2,1,3,1,7,1,2,426,24,0,0,0,0,179665
1377,52,6292,6,5,1930,1950,790,0,790,0,0,1,0,2,1,4,0,1,160,141,0,0,0,0,91000
661,70,12384,7,7,1976,1976,1142,793,1935,0,0,2,1,3,1,7,1,2,550,113,252,0,0,0,197900
1112,80,10480,7,6,1976,1976,1098,866,1964,0,0,2,1,4,1,8,1,2,483,69,0,0,0,0,205000
459,70,5100,8,7,1925,1996,833,833,1666,0,0,1,0,3,1,7,1,1,228,63,0,0,0,0,161000
1006,65,8385,5,8,1977,1977,985,0,985,0,0,2,0,3,1,6,0,1,328,0,0,0,0,0,149900
334,59,8198,7,5,2004,2004,1358,0,1358,1,0,2,0,2,1,6,1,2,484,30,0,0,0,0,207000
722,70,4426,6,5,2004,2004,848,0,848,1,0,1,0,1,1,3,0,2,420,0,0,0,0,0,143000
1290,86,11065,8,5,2006,2006,1120,850,1970,0,0,2,1,3,1,8,1,3,753,74,0,0,0,0,281000
679,80,11844,8,5,2008,2008,2046,0,2046,0,0,2,1,3,1,7,1,3,834,82,0,0,0,0,372500
1355,70,10316,7,5,2000,2000,992,873,1865,1,0,2,1,3,1,7,1,3,839,184,0,0,0,0,235000
329,70,11888,6,6,1916,1994,1445,689,2134,0,0,2,0,5,1,10,0,2,441,60,268,0,0,0,214500
319,90,9900,7,5,1993,1993,1372,1274,2646,1,0,2,1,4,1,9,1,3,656,60,144,0,0,0,260000
1439,90,7407,6,7,1957,1996,1236,0,1236,1,0,1,0,2,1,6,0,2,923,158,158,0,0,0,149700
909,70,8885,5,5,1983,1983,902,0,902,1,0,1,0,2,1,5,0,2,484,0,0,0,0,0,131000
13,70,12968,5,6,1962,1962,912,0,912,1,0,1,0,2,1,4,0,1,352,0,0,0,176,0,144000
172,141,31770,6,5,1960,1960,1656,0,1656,1,0,1,0,3,1,7,2,2,528,62,0,0,0,0,215000
261,120,19296,6,5,1962,1962,1382,0,1382,1,0,1,0,3,1,6,1,2,884,0,252,0,0,0,176000
779,60,8400,5,5,1977,1977,2020,0,2020,0,0,2,0,4,2,10,2,2,630,0,0,0,0,0,144000
819,80,8816,6,7,1971,1971,1052,0,1052,1,0,1,0,3,1,6,0,2,440,0,0,0,0,0,155000
760,65,12257,8,5,1995,1995,1328,1203,2531,0,0,2,1,4,1,9,1,3,752,98,0,0,0,0,290000
139,73,9066,8,5,1999,2000,1004,848,1852,0,0,2,1,3,1,7,2,3,660,106,0,0,0,0,230000
1210,85,10182,8,5,2006,2006,1660,0,1660,1,0,2,0,3,1,8,1,2,500,50,0,0,0,0,290000
886,50,5119,9,5,1999,2000,1709,0,1709,1,0,2,0,2,1,5,1,2,506,65,0,0,0,0,328900
742,65,6768,6,8,1961,1996,912,0,912,1,1,1,0,3,1,5,0,1,288,0,0,0,0,0,142000
140,65,15426,6,5,1997,1997,928,836,1764,1,0,2,1,3,1,7,0,2,470,99,0,0,0,0,231500
1277,70,12936,6,6,1972,1972,735,660,1395,0,1,1,1,3,1,6,1,2,497,116,0,0,0,0,162000
1082,75,7500,5,5,1963,1963,1040,0,1040,1,0,1,1,3,1,5,0,1,308,0,220,0,0,0,133000
225,103,13472,10,5,2003,2003,2392,0,2392,0,0,2,0,3,1,8,1,3,968,105,0,0,0,0,386250
1064,50,6000,6,6,1925,1980,1103,0,1103,0,0,1,0,2,1,5,1,2,440,120,0,0,0,0,110500
410,85,10800,8,5,2007,2008,1050,1028,2078,1,0,2,1,3,1,8,1,3,836,102,0,0,0,0,339750
326,50,5000,5,6,1941,1950,803,0,803,0,0,1,0,2,1,5,0,2,360,0,244,0,0,0,87000
300,80,14000,6,8,1950,2004,1152,0,1152,0,1,1,0,3,1,6,1,1,300,36,0,0,0,0,158500
1243,85,10625,7,6,1974,1974,1173,0,1173,1,0,2,0,3,1,6,2,2,528,120,0,0,0,0,170000
706,70,5600,4,5,1930,1950,372,720,1092,0,0,2,0,3,2,7,0,0,0,0,0,0,0,0,55000
1236,96,13132,5,5,1914,1950,892,892,1784,0,0,1,1,4,1,9,0,1,180,40,0,0,0,0,138887
1356,102,10192,7,6,1968,1992,1222,698,1920,0,0,3,0,4,1,8,1,2,487,98,0,0,0,0,170000
904,50,14859,7,5,2006,2006,1670,0,1670,0,0,2,0,3,1,7,1,3,690,60,0,0,0,0,240000
830,24,2544,7,5,2005,2005,520,623,1223,0,0,2,1,2,1,4,0,2,480,166,0,0,0,0,147400
504,100,15602,7,8,1959,1997,1801,0,1801,1,0,2,0,1,1,6,2,2,484,54,0,0,161,0,289000
1337,87,9246,5,5,1973,1973,1656,0,1656,0,0,2,0,4,2,8,0,2,506,211,0,0,0,0,135000
4,60,9550,7,5,1915,1970,961,756,1717,1,0,1,0,3,1,7,1,3,642,35,272,0,0,0,140000
1314,108,14774,9,5,1999,1999,1422,1177,2599,0,0,2,1,4,1,10,1,3,779,30,0,0,0,0,333168
468,79,9480,5,7,1942,1995,888,756,1644,0,0,1,1,3,1,7,2,1,312,0,0,0,0,0,146500
322,99,12099,8,5,2004,2004,1136,1332,2468,1,0,2,1,4,1,10,1,3,872,154,0,0,0,0,354000
6,85,14115,5,5,1993,1995,796,566,1362,1,0,1,1,1,1,5,0,2,480,30,0,320,0,0,143000
1240,64,9037,8,5,2006,2006,1484,0,1484,0,0,2,0,2,1,6,1,2,472,33,0,0,0,0,265900
1094,71,9230,5,8,1965,1998,1200,0,1200,1,0,1,1,1,1,6,0,2,884,64,0,0,0,0,146000
716,78,10140,6,5,1974,1974,1350,0,1350,0,0,2,0,3,1,7,1,2,478,0,0,0,0,0,165000
40,65,6040,4,5,1955,1955,1152,0,1152,0,0,2,0,2,2,6,0,0,0,0,0,0,0,0,82000
543,78,10140,7,5,1998,1999,1680,0,1680,1,0,2,0,3,1,7,1,2,583,73,0,0,0,0,213250
243,63,5000,5,4,1900,1950,889,551,1440,0,0,1,0,3,1,6,0,1,352,0,77,0,0,0,79000
137,70,10355,5,5,1967,1967,1214,0,1214,0,0,2,0,3,1,5,1,1,318,111,0,0,0,0,143000
715,70,13517,6,8,1976,2005,725,754,1479,0,0,2,1,3,1,6,0,2,475,44,0,0,0,0,130500
738,72,10463,8,5,2005,2005,901,900,1801,0,0,2,1,3,1,8,1,3,800,116,0,0,0,0,239900
1302,70,7500,6,7,1942,1950,753,741,1494,0,0,1,0,3,1,7,2,1,213,0,0,0,224,0,177500
1044,86,11839,7,5,1990,1990,1532,797,2329,1,0,2,1,4,1,10,1,2,514,121,0,0,0,0,262280
1331,85,10000,8,5,2006,2006,1588,0,1588,0,0,2,0,3,1,7,1,3,825,45,0,0,0,0,227000
1104,79,8910,6,6,1959,1959,1194,0,1194,0,1,1,0,3,1,6,1,2,539,0,192,0,0,0,159500
753,79,9236,6,5,1997,1997,1494,0,1494,1,0,2,0,3,1,6,0,2,576,27,0,0,0,0,217000
1354,56,14720,8,5,1995,1996,2053,1185,3238,1,0,2,1,4,1,9,1,3,666,86,0,0,0,0,410000
377,57,8846,5,5,1996,1996,914,0,914,0,0,1,0,2,1,5,0,2,576,0,0,0,0,0,148000
315,60,9600,7,7,1925,1990,832,809,1641,0,1,1,1,3,1,6,1,2,546,0,234,0,0,0,178000
443,52,6240,5,7,1930,1992,1128,445,1573,0,0,2,0,3,1,8,1,2,360,0,0,0,0,0,162900
320,70,14115,7,5,1980,1980,1472,0,1472,1,0,2,0,3,1,6,2,2,588,48,0,0,0,0,187500
768,75,12508,6,7,1940,1985,983,767,1750,1,0,2,0,4,1,7,0,1,423,0,156,0,0,0,160000
757,68,10769,8,5,2007,2007,866,902,1768,0,0,2,1,3,1,7,0,2,578,105,0,0,0,0,212000
425,72,9000,6,5,1956,1956,1196,0,1196,1,0,1,0,2,1,6,1,1,297,44,0,0,0,0,139000
554,67,8777,4,5,1949,2003,1126,0,1126,0,0,2,0,2,1,5,0,2,520,96,0,0,0,0,108000
1036,70,11500,4,3,1957,1957,845,0,845,0,0,1,0,3,1,5,0,1,290,0,0,0,0,0,84000
954,70,11075,5,4,1969,1969,1168,800,1968,0,1,2,1,4,1,7,1,2,530,189,0,0,0,0,172000
1186,60,9738,5,7,1924,1950,949,272,1221,1,0,1,0,4,1,7,0,1,392,0,236,0,0,0,104900
597,60,3600,6,7,1910,1993,684,684,1368,0,0,1,0,3,1,7,0,1,216,158,0,0,0,0,114504
228,21,1869,6,6,1970,1970,483,504,987,0,0,1,1,2,1,5,0,1,280,0,0,0,0,0,106000
1107,114,10357,7,5,1990,1991,1442,0,1442,1,0,2,0,3,1,6,1,2,719,244,0,0,0,0,179900
772,67,8877,4,5,1951,1951,1220,0,1220,0,0,1,0,2,1,6,0,2,396,0,0,0,0,0,102000
934,63,8487,7,5,2004,2004,1500,0,1500,0,0,2,0,3,1,6,0,2,570,36,0,0,0,0,190000
1418,70,16545,8,5,1998,1998,1310,1140,2450,1,0,2,1,3,1,7,1,3,1069,126,0,0,0,0,340000
67,70,19900,7,5,1970,1989,2207,0,2207,1,0,2,0,3,1,7,1,2,576,0,0,0,0,0,180000
1000,64,6762,7,5,2006,2006,1208,0,1208,1,0,2,0,2,1,6,0,2,632,61,0,0,0,0,206000
580,81,12150,5,5,1954,1954,1050,745,1795,0,0,2,0,4,1,7,0,1,352,0,0,0,0,0,131500
943,42,7711,4,3,1977,1977,1440,0,1440,2,0,2,0,4,2,8,0,0,0,0,0,0,0,0,150000
212,83,10420,6,5,2009,2009,1212,0,1212,0,0,2,0,3,1,6,0,2,460,22,0,0,0,0,186000
1149,70,5700,7,7,1926,1950,572,539,1111,0,0,1,0,2,1,5,1,1,288,0,176,0,0,0,116900
746,70,8963,8,9,1976,1996,1175,1540,2715,0,1,3,1,4,1,11,2,2,831,204,0,0,0,0,299800
537,57,8924,7,5,1998,1999,880,844,1724,0,0,2,1,3,1,8,0,2,527,155,0,0,0,0,188000
1287,70,9790,6,5,1963,1963,1328,0,1328,1,0,1,1,3,1,6,2,2,528,26,0,0,0,0,143000
1296,70,8400,5,5,1968,1968,1052,0,1052,1,0,1,1,3,1,5,0,1,288,0,0,0,0,0,138500
86,121,16059,8,5,1991,1992,1301,1116,2417,0,0,2,1,4,1,9,1,2,462,82,0,0,0,0,260000
1315,60,8190,4,6,1954,1954,948,0,948,1,0,1,0,3,1,5,1,1,280,36,0,0,0,0,119000
975,60,11414,7,8,1910,1993,1136,883,2019,0,0,1,0,3,1,8,0,2,532,135,0,0,0,0,167500
977,51,5900,4,7,1923,1958,869,0,869,0,0,1,0,2,1,4,0,0,0,0,0,0,0,0,85500
632,34,4590,8,5,2006,2006,1554,0,1554,0,0,2,0,2,1,6,1,2,627,73,0,0,0,0,209500
1316,85,11075,6,5,1969,1969,1092,1020,2112,0,0,2,1,4,1,9,2,2,576,0,0,0,0,0,206900
1384,70,25339,5,7,1918,2007,1416,0,1416,0,0,2,0,3,1,7,0,2,576,0,112,0,0,0,112000
1402,62,7415,6,5,2004,2004,864,729,1593,1,0,2,1,3,1,8,1,2,398,75,0,0,0,0,193000
950,78,9360,6,7,1972,2006,1381,0,1381,1,0,1,1,3,1,5,1,2,676,0,0,0,0,0,197500
274,80,9600,6,6,1958,1988,1632,0,1632,1,0,2,0,3,1,6,1,1,338,0,0,0,0,0,139000
1035,50,6305,5,7,1938,1950,954,0,954,0,0,1,0,2,1,5,1,1,240,0,0,0,0,0,119750
363,64,7301,7,5,2003,2003,495,1427,1922,0,0,3,0,4,1,7,1,2,672,0,177,0,0,0,198500
623,71,7064,5,6,1977,1977,980,0,980,0,0,1,0,3,1,6,0,2,484,0,0,0,0,0,135000
3,68,11250,7,5,2001,2002,920,866,1786,1,0,2,1,3,1,6,1,2,608,42,0,0,0,0,223500
7,75,10084,8,5,2004,2005,1694,0,1694,1,0,2,0,3,1,7,1,2,636,57,0,0,0,0,307000
312,50,8000,6,6,1948,2002,972,0,972,1,0,1,0,2,1,5,1,1,240,0,0,0,0,0,132000
669,70,14175,5,6,1956,1987,1437,0,1437,1,0,1,1,3,1,6,1,2,576,0,0,0,0,0,168000
1038,70,9240,8,5,2001,2002,1055,1208,2263,0,0,2,1,3,1,7,1,2,905,45,0,0,189,0,287000
1440,80,11584,7,6,1979,1979,1040,685,1725,0,0,2,1,3,1,6,1,2,550,88,216,0,0,0,197000
216,72,10011,5,6,1957,1996,1236,0,1236,0,1,1,0,2,1,6,1,1,447,0,0,0,0,0,134450
1120,70,7560,5,5,1959,1959,1040,0,1040,0,0,1,0,3,1,6,0,1,286,0,252,0,0,0,133700
28,98,11478,8,5,2007,2008,1704,0,1704,1,0,2,0,3,1,7,1,3,772,50,0,0,0,0,306000
1056,104,11361,6,5,1976,1976,1523,0,1523,0,1,2,0,3,1,7,1,2,478,0,0,0,189,0,180000
825,81,11216,8,5,2006,2006,1489,0,1489,0,0,2,0,3,1,7,1,2,776,140,0,0,0,0,232600
1416,51,3635,7,5,2007,2007,1569,0,1569,0,1,2,0,1,1,7,1,3,660,20,0,0,0,0,175900
1199,70,9100,7,5,2001,2001,1212,0,1212,0,0,2,0,3,1,6,0,2,573,0,0,0,0,0,178000
1281,67,9808,7,5,2002,2002,1573,0,1573,1,0,2,0,3,1,6,0,2,544,72,0,0,0,0,227000
625,80,10400,6,5,1972,1972,1012,778,1790,1,0,1,2,4,1,8,1,2,484,0,0,0,147,0,165150
808,144,21384,5,6,1923,2004,1072,504,1576,2,0,1,1,3,1,6,1,2,528,312,0,0,0,0,223500
257,64,8791,6,5,2003,2003,864,864,1728,0,0,2,1,3,1,7,0,2,673,56,0,0,0,0,207500
26,110,14230,8,5,2007,2007,1600,0,1600,0,0,2,0,3,1,7,1,3,890,56,0,0,0,0,256300
337,86,14157,9,5,2005,2006,1922,0,1922,1,0,2,0,3,1,8,1,3,676,51,0,0,0,0,377426
573,83,13159,7,5,2009,2009,846,846,1692,0,0,2,1,3,1,6,0,2,650,114,0,0,0,0,224500
48,84,11096,8,5,2006,2006,1656,0,1656,0,0,2,0,3,1,7,0,3,826,146,0,0,0,0,249700
107,60,10800,4,7,1885,1995,1047,0,1047,0,0,1,0,2,1,6,0,1,273,0,0,0,0,0,100000
350,56,20431,9,5,2005,2006,1848,880,2728,1,0,2,1,4,1,10,2,3,706,0,0,0,0,0,437154
56,100,10175,6,5,1964,1964,1425,0,1425,0,0,2,0,3,1,7,1,2,576,0,0,407,0,0,180500
1444,70,8854,6,6,1916,1950,952,0,952,0,0,1,0,2,1,4,1,1,192,98,0,0,40,0,121000
214,43,13568,5,5,1995,1995,990,0,990,0,1,1,0,3,1,5,0,2,576,0,0,0,0,0,156000
121,70,21453,6,5,1969,1969,988,0,988,1,0,1,0,1,1,4,2,2,540,130,0,130,0,0,180000
1207,70,8900,4,4,1966,1966,1056,0,1056,1,0,1,0,2,1,5,0,1,384,42,0,0,0,0,107000
1389,42,14892,9,5,2006,2007,1746,0,1746,1,0,2,0,3,1,7,2,3,758,39,0,0,0,0,377500
73,74,10141,7,5,1998,1998,885,833,1718,0,0,2,1,3,1,7,1,2,427,94,0,0,291,0,185000
744,70,12886,5,6,1963,1999,1464,0,1464,0,1,2,0,3,1,6,1,2,480,0,0,0,100,0,175000
1189,68,8935,7,5,2002,2002,831,829,1660,0,0,2,1,3,1,7,0,2,493,68,0,0,0,0,195000
46,61,7658,9,5,2005,2005,1752,0,1752,1,0,2,0,2,1,6,1,2,576,82,0,0,0,0,319900
1231,70,18890,5,5,1977,1977,1361,1259,2620,0,0,2,2,4,2,12,1,2,600,24,145,0,0,0,190000
524,130,40094,10,5,2007,2008,3138,1538,4676,1,0,3,1,3,1,11,1,3,884,406,0,0,0,0,184750
827,50,6130,5,6,1924,1950,784,0,784,1,0,1,0,2,1,5,0,0,0,0,116,0,0,0,109500
868,85,6970,4,5,1961,1961,1120,0,1120,1,0,1,1,3,1,5,0,2,544,0,0,0,0,0,129000
1200,75,11235,4,5,1963,1979,1382,0,1382,0,0,1,1,3,1,6,1,2,459,82,0,0,0,0,148000
758,70,11616,6,5,1978,1978,672,714,1386,0,0,2,1,3,1,6,1,2,440,0,0,0,0,0,158900
534,50,5000,1,3,1946,1950,334,0,334,0,0,1,0,1,1,2,0,0,0,0,0,0,0,0,39300
604,30,3182,7,5,2004,2005,600,600,1200,0,0,2,1,2,1,4,0,2,480,172,0,0,0,0,151000
466,70,3072,7,5,2004,2004,1414,0,1414,0,0,2,0,2,1,6,1,2,398,20,0,0,0,0,178740
1392,65,8944,5,5,1967,1967,1584,0,1584,0,0,2,0,4,2,8,0,3,792,152,0,0,0,0,124000
1245,70,11435,8,7,1929,1950,792,725,1517,0,0,1,0,3,1,7,2,2,400,0,0,0,0,0,230000
1081,80,11040,6,7,1971,2004,1258,0,1258,0,1,2,0,3,1,5,0,2,528,0,0,216,0,0,145000
905,70,6173,5,6,1967,1967,902,0,902,0,0,1,0,3,1,6,0,1,288,0,0,0,0,0,125500
61,63,13072,6,5,2004,2004,1158,0,1158,1,0,1,1,3,1,5,0,2,576,50,0,0,0,0,158000
93,80,13360,5,7,1921,2006,964,0,964,1,0,1,0,2,1,5,0,2,432,0,44,0,0,0,163500
667,70,18450,6,5,1965,1979,1465,915,2380,0,0,2,1,3,1,7,1,2,596,265,0,0,0,0,129000
728,64,7314,7,5,2007,2007,1232,0,1232,1,0,2,0,2,1,6,0,2,632,0,0,0,0,0,194500
195,60,7180,5,7,1972,1972,864,0,864,0,0,1,0,3,1,5,0,1,352,0,0,0,0,0,127000
281,82,11287,7,6,1989,1989,1175,807,1982,0,0,2,1,3,1,7,1,2,575,84,0,196,0,0,228500
360,78,12011,8,5,1998,1998,1086,838,1924,1,0,2,1,3,1,7,1,2,592,75,0,0,374,0,280000
520,53,10918,7,9,1926,2004,1276,804,2080,0,0,1,1,3,1,9,2,1,282,0,0,0,145,0,234000
1456,62,7917,6,5,1999,2000,953,694,1647,0,0,2,1,3,1,7,1,2,460,40,0,0,0,0,175000
924,50,8012,6,5,1993,1994,1617,0,1617,1,0,2,0,2,1,5,1,2,533,69,0,0,0,0,193000
183,60,9060,5,6,1957,2006,1340,0,1340,0,0,1,0,3,1,7,1,1,252,0,0,180,0,0,120000
988,83,10159,9,5,2009,2010,1940,0,1940,1,0,2,1,3,1,8,1,3,606,95,0,0,0,0,395192
111,75,9525,6,4,1954,1972,1216,639,1855,0,0,2,0,4,1,7,0,1,325,0,0,0,0,0,136900
43,70,9180,5,7,1983,1983,884,0,884,1,0,1,0,2,1,5,0,2,504,0,0,0,0,0,144000
1237,36,2628,7,5,2003,2003,764,862,1626,0,0,2,1,2,1,6,0,2,474,27,0,0,0,0,175500
205,50,3500,5,7,1947,1950,720,564,1284,0,0,1,1,2,1,5,0,1,240,35,0,0,0,0,110000
984,70,11250,8,5,2002,2002,1149,1141,2290,0,0,2,1,4,1,9,1,2,779,0,0,0,0,0,255900
53,110,8472,5,5,1963,1963,816,0,816,1,0,1,0,2,1,5,0,2,516,0,0,0,0,0,110000
546,70,13837,7,5,1988,1988,1377,806,2183,0,0,2,1,4,1,9,0,3,786,0,0,0,0,0,229000
946,98,8820,5,6,1890,1996,1188,561,1869,0,0,1,0,2,1,7,0,2,456,0,244,0,0,0,124900
853,53,7128,7,5,1941,1950,918,728,1646,0,0,2,0,4,1,7,2,1,240,0,0,0,126,0,164000
1414,88,10994,8,5,2005,2006,1844,0,1844,1,0,2,0,2,1,7,1,2,620,44,0,0,0,0,257000
1376,89,10991,8,5,2007,2007,1571,0,1571,0,0,2,0,3,1,7,1,3,722,36,0,0,0,0,239000
184,63,11426,7,5,2003,2003,1362,720,2082,0,0,2,1,3,1,6,0,2,484,238,0,0,0,0,200000
138,82,11070,7,5,1988,1989,1959,0,1959,0,0,3,0,5,2,9,0,3,766,0,0,0,0,0,171000
927,93,11999,8,5,2003,2004,1234,1140,2374,0,0,2,1,4,1,10,1,3,656,100,0,0,0,0,285000
81,100,13000,6,6,1968,1968,1182,960,2142,0,0,2,1,4,1,8,1,1,509,72,0,0,252,0,193500
1365,30,3180,7,5,2005,2005,520,600,1200,0,0,2,1,2,1,4,0,2,480,166,0,0,0,0,144152
106,75,9375,8,5,2003,2004,1053,939,1992,0,0,2,1,3,1,9,1,2,648,45,0,0,0,0,250000
542,70,11000,8,5,2000,2000,997,1288,2285,0,0,2,1,4,1,8,1,3,648,56,0,0,0,0,248000
707,70,115149,7,5,1971,2002,1824,0,1824,1,0,2,0,2,1,5,2,2,739,48,0,0,0,0,302000
481,98,16033,9,5,2004,2005,1850,0,1850,1,0,2,0,3,1,8,1,3,772,112,0,0,0,0,326000
166,62,10106,5,7,1940,1999,808,547,1355,1,0,2,0,4,2,6,0,0,0,0,0,0,0,0,127500
249,72,11317,7,5,2003,2003,840,828,1668,0,0,2,1,3,1,8,0,2,500,68,0,0,0,0,180000
308,70,7920,6,7,1920,1950,1035,371,1406,0,0,1,0,3,1,6,0,0,0,144,0,0,0,0,89500
447,137,16492,6,6,1966,2002,1888,0,1888,0,0,2,1,2,1,6,1,2,578,0,0,0,0,0,190000
713,40,4671,8,5,1988,1989,1228,0,1228,1,0,2,0,2,1,5,1,2,472,120,0,0,0,0,189000
335,59,9042,6,5,1998,1998,943,695,1638,1,0,2,1,3,1,7,2,2,472,38,0,0,0,0,192000
98,73,10921,4,5,1965,1965,960,0,960,1,0,1,0,3,1,6,0,1,432,0,0,0,0,0,94750
725,86,13286,9,5,2007,2008,1698,0,1698,1,0,2,0,3,1,8,1,3,768,64,0,0,0,0,320000
906,80,9920,5,5,1954,1954,1063,0,1063,1,0,1,0,3,1,6,0,1,280,0,164,0,0,0,128000
900,65,6993,5,7,1961,1994,1236,0,1236,0,0,1,0,3,1,6,1,1,288,0,0,0,0,0,135000
103,64,7018,5,5,1979,1979,1535,0,1535,0,0,2,0,4,2,8,0,2,410,0,0,0,0,0,118964
435,21,1890,4,7,1972,1972,630,0,630,1,0,1,0,1,1,3,0,0,0,0,0,0,0,0,81000
1008,21,2217,4,4,1970,1970,546,546,1092,0,0,1,1,3,1,6,0,1,286,0,0,0,0,0,88000
1306,108,13173,9,5,2006,2007,1652,0,1652,1,0,2,0,2,1,6,2,2,840,102,0,0,0,0,325000
835,75,7875,5,6,1961,1961,1144,0,1144,1,0,1,0,3,1,6,0,2,456,0,0,0,0,0,139950
1325,75,9986,8,5,2006,2007,1795,0,1795,0,0,2,0,2,1,7,1,3,895,49,0,0,0,0,147000
303,118,13704,7,5,2001,2002,1541,0,1541,0,0,2,0,3,1,6,1,3,843,81,0,0,0,0,205000
1230,70,7910,5,5,1960,1960,1507,0,1507,0,0,2,0,4,1,7,0,1,404,0,0,0,0,0,127000
1192,24,2645,8,5,1999,2000,764,677,1441,0,0,2,1,2,1,5,0,2,492,0,0,0,0,0,174000
389,93,9382,7,5,1999,2000,1479,0,1479,0,0,2,0,3,1,6,0,2,577,25,0,0,0,0,191000
236,21,1680,6,3,1971,1971,483,504,987,0,0,1,1,2,1,5,0,1,264,0,0,0,0,0,89500
1213,50,9340,4,6,1941,1950,672,0,672,1,0,1,0,2,1,4,0,1,234,113,0,0,0,0,113000
268,60,8400,5,8,1939,1997,1052,720,2192,0,0,2,1,4,1,8,1,1,240,24,0,0,0,0,179500
306,80,10386,8,5,2004,2005,2000,0,2000,1,0,2,0,3,1,8,0,3,888,0,0,0,0,0,305900
118,74,8536,5,5,2006,2007,1125,0,1125,0,0,1,1,2,1,5,0,2,430,64,0,0,0,0,155000
1180,77,8335,5,5,1954,1954,1124,0,1124,0,0,1,0,3,1,5,1,0,0,36,190,0,0,0,93000
674,110,14442,6,7,1957,2004,1839,0,1839,1,0,2,0,3,1,7,2,2,416,87,0,0,200,0,257500
250,70,159000,6,7,1958,2006,1444,700,2144,0,1,2,0,4,1,7,2,2,389,98,0,0,0,0,277000
1066,80,14000,7,5,1996,1997,1306,954,2260,1,0,2,1,3,1,7,0,2,533,44,0,0,0,0,328000
1053,100,9500,6,6,1964,1978,1127,850,1977,0,1,1,1,4,1,9,1,2,540,52,0,0,0,0,165000
72,69,7599,4,6,1982,2006,845,0,845,1,0,1,0,2,1,4,0,2,360,0,0,0,0,0,129500
95,69,9337,6,5,1997,1997,905,881,1786,1,0,2,1,3,1,7,0,2,684,162,0,0,0,0,204750
1441,79,11526,6,7,1922,1994,1423,748,2555,0,0,2,0,3,1,11,1,2,672,0,0,0,0,0,191000
34,70,10552,5,5,1959,1959,1700,0,1700,0,1,1,1,4,1,6,1,2,447,38,0,0,0,0,165500
1168,58,10852,6,5,2000,2000,959,712,1671,1,0,2,1,3,1,7,1,2,472,38,0,0,0,0,173000
449,50,8600,6,6,1937,1950,780,596,1376,0,0,2,0,3,1,7,1,1,198,0,0,0,0,0,119500
446,73,9855,6,5,1956,1956,1689,0,1689,0,0,1,0,3,1,7,1,2,480,0,0,0,0,0,127500
717,60,10800,7,8,1890,1998,1576,978,2554,0,0,1,1,3,1,8,0,2,704,48,143,0,0,0,159500
845,100,12665,5,8,1915,1950,876,540,1416,0,0,1,1,4,1,7,1,3,720,0,194,0,0,0,153900
1113,73,7100,5,7,1957,1957,816,0,816,1,0,1,0,2,1,5,0,1,308,0,0,0,0,0,129900
859,80,10400,7,5,1976,1976,1370,0,1370,0,0,2,0,3,1,6,1,2,479,0,0,0,0,0,152000
998,70,11717,6,6,1970,1970,1442,0,1442,0,0,2,0,2,1,6,1,2,615,0,0,0,0,0,185000
78,50,8635,5,5,1948,2001,1072,213,1285,1,0,1,0,2,1,6,0,1,240,0,0,0,0,0,127000
85,70,8530,7,5,1995,1996,804,670,1474,0,0,2,1,3,1,7,1,2,400,72,0,0,0,0,168500
793,92,9920,7,5,1996,1997,1127,886,2013,1,0,2,1,3,1,8,1,2,455,130,0,0,0,0,269790
83,78,10206,8,5,2007,2007,1563,0,1563,0,0,2,0,3,1,6,1,3,758,99,0,0,0,0,245000
458,70,53227,4,6,1954,1994,1663,0,1663,1,0,1,0,2,1,6,2,2,529,137,0,0,0,0,256000
971,60,10800,4,4,1949,1950,720,472,1192,0,0,1,1,4,1,6,0,0,0,0,0,0,0,0,135000
677,60,9600,4,2,1900,1950,1095,679,1774,1,0,2,0,4,2,8,0,3,779,0,90,0,0,0,87000
939,73,8760,7,5,2006,2006,1391,571,1962,0,0,2,1,3,1,7,0,3,868,90,0,0,0,0,239799
1051,73,8993,7,5,2007,2007,1302,0,1302,0,0,2,0,3,1,6,0,2,436,22,0,0,0,0,176485
437,40,4400,6,8,1920,1950,734,384,1118,0,0,1,0,2,1,6,0,2,440,0,0,0,0,0,116000
645,85,9187,9,5,2009,2009,1766,0,1766,1,0,2,1,2,1,7,1,3,478,130,0,0,0,0,370878
781,63,7875,7,5,1995,1996,1253,0,1253,0,0,2,0,3,1,6,1,2,402,21,0,0,0,0,176000
863,81,9672,6,5,1984,1985,1097,0,1097,0,0,2,0,3,1,6,0,2,480,0,0,0,0,0,152000
1358,70,12537,5,6,1971,2008,1078,0,1078,1,0,1,1,3,1,6,1,2,500,0,0,0,0,0,149900
405,70,10364,6,5,1995,1996,806,766,1572,0,0,2,1,3,1,7,1,2,373,40,0,0,0,0,168000
1271,70,23595,7,6,1979,1979,1332,192,1524,2,0,0,1,0,1,4,1,2,586,0,0,0,0,0,260000
942,70,8755,7,5,1999,1999,1022,1038,2060,1,0,2,1,3,1,8,1,2,390,0,0,168,0,0,214000
945,70,14375,6,6,1958,1958,1344,0,1344,0,1,1,0,3,1,7,1,2,525,118,0,0,233,0,137500
105,70,7758,7,4,1931,1950,1226,592,1818,0,0,1,1,4,1,7,2,1,240,0,0,0,184,0,169500
610,61,7943,4,5,1961,1961,1029,0,1029,1,0,1,0,3,1,5,0,1,261,0,39,0,0,0,118500
1069,42,3964,6,4,1973,1973,1291,1230,2521,1,0,2,1,5,1,10,1,2,576,20,0,0,0,0,151400
994,68,8846,6,5,2005,2006,750,750,1500,0,0,2,1,3,1,6,0,2,564,35,0,0,0,0,173900
889,95,15865,8,6,1970,1970,2217,0,2217,1,0,2,0,4,1,8,1,2,621,207,0,0,224,0,268000
63,44,6442,8,5,2006,2006,1370,0,1370,0,0,2,0,2,1,6,1,2,484,49,0,0,0,0,202500
282,60,7200,6,5,2006,2006,1262,0,1262,0,0,2,0,2,1,5,0,2,572,120,0,0,0,0,185000
965,80,11316,7,5,2002,2003,824,1070,1894,1,0,2,1,4,1,8,1,2,510,40,0,0,0,0,214900
239,93,12030,8,5,2007,2007,1694,0,1694,0,0,2,0,3,1,7,0,3,818,228,0,0,0,0,318000
224,70,10500,4,6,1971,1971,864,0,864,0,0,1,0,2,1,4,0,2,576,0,0,0,0,0,97000
146,24,2522,6,5,2004,2006,970,739,1709,0,0,2,0,3,1,7,0,2,380,40,0,0,0,0,130000
1363,70,12513,4,4,1920,2007,1281,457,1738,0,0,2,0,4,1,7,1,1,368,0,0,0,0,0,104900
374,79,10634,5,6,1953,1953,1319,0,1319,1,0,1,0,3,1,5,0,1,270,0,0,0,0,0,123000
119,90,12376,7,5,1990,1990,1699,1523,3222,1,0,3,0,5,1,11,2,3,594,0,0,0,0,0,320000
1097,60,6882,6,7,1914,2006,773,582,1355,0,0,1,1,3,1,7,0,0,0,0,115,0,0,0,127000
251,55,5350,3,2,1940,1966,1306,0,1306,0,0,1,0,3,1,6,0,0,0,0,0,0,0,0,76500
1407,70,8445,5,7,1972,2007,768,0,768,1,0,1,0,2,1,5,0,2,396,0,0,0,0,0,133000
10,50,7420,5,6,1939,1950,1077,0,1077,1,0,1,0,2,2,5,2,1,205,4,0,0,0,0,118000
450,50,6000,3,7,1948,2002,679,504,1183,0,0,1,1,2,1,6,0,1,308,176,0,0,0,0,120000
709,65,9018,7,5,2007,2007,728,728,1456,0,0,2,1,3,1,8,1,2,400,24,0,0,0,0,179540
256,66,8738,7,5,1999,1999,1005,1286,2291,0,0,2,1,4,1,8,1,2,429,0,0,0,0,0,230000
594,70,4435,6,5,2003,2003,848,0,848,1,0,1,0,1,1,4,0,2,420,0,0,0,0,0,140000
390,96,12474,10,5,2007,2008,1742,590,2332,1,0,2,1,3,1,9,1,3,846,134,0,0,0,0,426000
1203,50,6000,5,8,1925,1997,884,464,1348,1,0,1,0,3,1,5,1,1,216,0,208,0,0,0,117000
1169,120,13728,6,7,1935,1986,1236,872,2108,0,0,2,0,4,1,7,2,2,540,0,0,0,90,0,235000
558,60,11040,4,6,1920,1950,897,439,1336,0,0,1,1,3,1,7,0,1,570,47,120,0,0,0,108000
1299,313,63887,10,5,2008,2008,4692,950,5642,2,0,2,1,3,1,12,3,2,1418,292,0,0,0,480,160000
1425,70,9503,5,5,1958,1983,1344,0,1344,1,0,1,0,2,1,6,1,1,484,28,0,0,0,0,144000
461,75,8004,8,5,2009,2009,832,1103,1935,1,0,2,1,3,1,8,0,2,552,150,0,0,0,0,263435
724,60,8172,4,6,1954,1972,997,473,1470,0,0,2,0,4,1,7,0,1,548,0,0,0,156,0,135000
1347,70,20781,7,7,1968,2003,2156,0,2156,0,0,2,0,3,1,9,1,2,508,80,0,290,0,0,262500
145,70,9100,5,5,1963,1963,1728,0,1728,1,0,2,0,6,2,10,0,2,504,0,0,0,0,0,125000
502,75,9803,7,5,2005,2005,866,902,1768,0,0,2,1,3,1,7,0,2,603,108,0,0,0,0,226700
1071,72,10152,5,5,1956,1956,1048,0,1048,1,0,1,0,3,1,6,0,1,286,20,0,0,192,0,135000
740,65,9313,7,5,2004,2004,864,864,1728,0,0,2,1,3,1,7,0,2,572,56,0,0,0,0,190000
1350,50,5250,8,5,1872,1987,938,1215,2358,0,0,2,0,4,1,8,0,0,0,54,20,0,0,0,122000
732,73,9590,7,5,2003,2003,1146,0,1146,1,0,2,0,3,1,6,1,2,438,22,0,0,0,0,187500
540,70,11423,8,5,2001,2002,1601,0,1601,1,0,2,0,3,1,6,1,2,670,0,0,0,0,0,272000
178,70,13650,5,5,1958,1958,1252,668,1920,1,0,2,0,4,1,8,1,2,451,0,0,0,0,0,172500
1409,60,7740,4,7,1910,1950,741,622,1363,0,0,1,0,3,1,6,0,2,528,0,0,0,168,0,125500
698,57,6420,5,7,1952,1952,1148,0,1148,0,1,1,0,2,1,6,0,1,308,0,0,0,0,0,123500
1403,64,6762,7,5,2006,2006,1294,0,1294,0,0,2,0,2,1,6,1,2,662,55,0,0,0,0,193879
1023,52,9439,5,5,1930,1950,912,336,1248,0,0,1,0,2,1,6,0,1,160,0,192,0,0,0,87000
1117,70,7750,8,5,2002,2002,779,640,1419,1,0,2,1,3,1,7,1,2,527,0,0,0,0,0,184100
1430,70,12546,6,7,1981,1981,1440,0,1440,0,0,2,0,3,1,7,1,2,467,0,99,0,0,0,182900
1454,90,17217,5,5,2006,2006,1140,0,1140,0,0,1,0,3,1,6,0,0,0,56,0,0,0,0,84500
8,70,10382,7,6,1973,1973,1107,983,2090,1,0,2,1,3,1,7,2,2,484,204,228,0,0,0,200000
821,72,7226,7,5,2003,2003,798,842,1640,0,0,2,1,3,1,6,0,2,595,45,0,0,0,0,183000
668,65,8125,6,5,1994,1998,1679,0,1679,1,0,2,0,3,1,7,1,2,575,42,0,0,0,0,193500
1390,60,6000,6,6,1941,1950,869,349,1218,0,1,1,0,3,1,6,1,2,440,0,0,0,0,0,131000
358,44,4224,5,5,1976,1976,1142,0,1142,1,0,1,1,3,1,6,1,2,528,90,0,0,0,0,134000
784,70,9101,5,6,1978,1978,1110,0,1110,1,0,1,0,1,1,4,1,2,602,30,0,0,0,0,165500
986,68,10880,5,5,1950,1950,1164,0,1164,1,0,1,0,3,1,5,0,1,240,48,0,0,0,0,125000
330,60,6402,5,5,1920,1950,596,596,1192,0,0,1,0,3,1,6,0,1,189,0,137,0,0,0,78000
1445,63,8500,7,5,2004,2004,1422,0,1422,0,0,2,0,3,1,7,0,2,626,60,0,0,0,0,179600
1118,57,9764,5,7,1967,2003,894,0,894,1,0,1,0,3,1,5,0,2,450,0,0,0,0,0,130000
1088,85,10574,8,5,2005,2006,1082,871,1953,0,0,2,1,3,1,9,1,3,1043,50,0,0,0,0,252000
259,80,12435,7,5,2001,2001,963,829,1792,0,0,2,1,3,1,7,1,2,564,96,0,245,0,0,231500
1145,60,12180,4,4,1941,1950,672,252,924,1,0,1,0,2,1,5,0,1,280,0,0,0,0,0,80000
373,50,7175,6,5,1984,1984,752,0,752,1,0,1,0,2,1,4,0,1,264,0,0,0,90,0,125000
1076,75,13125,7,6,1940,1984,960,780,1740,0,0,1,1,3,1,6,2,1,240,0,0,0,0,0,219500
883,70,9636,6,5,1992,1993,808,785,1593,0,0,2,1,3,1,7,1,2,389,40,0,0,0,0,178000
143,71,8520,5,4,1952,1952,910,475,1385,0,0,2,0,4,1,6,0,2,720,0,0,0,0,0,166000
526,62,7500,7,5,2005,2005,1266,0,1266,0,0,2,0,3,1,6,1,2,453,144,0,0,0,0,176000
1108,168,23257,7,5,2006,2006,887,1134,2021,0,0,2,1,3,1,9,1,2,422,100,0,0,0,0,274725
1336,80,9650,6,5,1977,1977,1334,0,1334,0,1,2,0,2,1,6,1,2,630,16,0,0,0,0,167900
1092,24,2160,7,5,1999,2000,624,628,1252,1,0,2,1,2,1,4,0,2,462,48,0,0,0,0,160000
1388,60,8520,6,7,1916,1950,1664,862,2526,0,0,2,0,5,1,10,1,1,216,15,0,0,0,0,136000
441,105,15431,10,5,2008,2008,2402,0,2402,1,0,2,0,2,1,10,2,3,672,72,0,0,170,0,555000
532,60,6155,6,8,1920,1999,751,611,1362,0,0,2,0,3,1,6,0,2,502,0,84,0,0,0,128000
1170,118,35760,10,5,1995,1996,1831,1796,3627,1,0,3,1,4,1,10,1,3,807,76,0,0,0,0,625000
227,82,9950,7,5,1995,1995,1214,1306,2520,0,0,2,1,4,1,9,1,3,721,114,0,0,0,0,290000
1001,74,10206,3,3,1952,1952,944,0,944,0,0,1,0,2,1,4,0,2,528,0,0,0,0,0,82000
229,70,8521,5,5,1967,1967,912,0,912,0,0,1,0,3,1,5,1,1,336,0,0,0,0,0,125000
1247,65,8125,7,5,2005,2006,756,797,1553,0,0,2,1,3,1,6,0,2,615,45,0,0,0,0,186500
1320,75,10215,4,5,1954,1954,948,0,948,0,0,1,0,3,1,5,0,1,248,0,0,0,0,0,111000
213,72,8640,7,5,2009,2009,932,920,1852,1,0,2,1,3,1,7,1,2,644,108,0,0,0,0,252678
80,60,10440,5,6,1910,1981,682,548,1230,0,0,1,1,2,1,5,0,2,440,0,128,0,0,0,110000
149,63,7500,7,5,2004,2005,1080,0,1080,1,0,1,0,3,1,6,0,0,0,0,0,0,0,0,141000
815,45,8248,5,7,1918,1950,686,564,1250,0,1,1,1,3,1,7,0,1,280,0,96,0,0,0,116000
1068,80,9760,6,6,1964,1964,798,813,1611,1,0,1,1,4,1,7,0,2,442,128,0,0,189,0,167900
870,80,9938,7,5,1993,1994,1062,887,1949,1,0,2,1,3,1,8,1,2,574,90,0,0,0,0,236000
672,54,6629,6,6,1925,1950,697,672,1369,1,0,2,0,3,1,6,0,1,300,0,0,0,0,0,103600
1125,70,9125,7,5,1992,1992,812,670,1482,0,0,2,1,3,1,7,1,2,392,25,0,0,0,0,163900
556,58,6380,5,6,1922,1950,1048,0,1048,0,0,1,0,2,1,5,1,1,280,0,116,0,0,0,113000
865,72,8640,7,5,2007,2008,1372,0,1372,0,0,2,0,3,1,6,0,2,529,140,0,0,0,0,250580
134,70,6853,8,5,2001,2002,1296,0,1296,1,0,2,0,2,1,6,0,2,471,25,0,0,0,0,220000
1080,65,8775,5,5,1994,1994,990,0,990,0,0,1,0,3,1,5,0,1,299,64,0,0,0,0,126000
824,60,9900,6,7,1940,1950,944,545,1489,0,0,2,0,3,1,7,1,1,240,0,0,0,0,0,139500
409,109,14154,7,5,2006,2006,1071,1101,2172,0,0,2,1,3,1,9,1,3,947,62,0,0,0,0,280000
983,43,3182,7,5,2007,2007,1266,0,1266,0,0,2,0,2,1,6,1,2,388,16,0,0,0,0,159895
508,75,7862,6,5,2009,2009,1218,0,1218,0,0,2,0,2,1,4,0,2,676,102,0,0,0,0,208300
1151,57,8280,6,5,1950,1950,932,0,932,0,0,1,0,2,1,4,1,1,306,0,214,0,0,0,124000
505,24,2308,6,5,1974,1974,855,467,1322,0,1,2,1,3,1,6,1,2,440,0,0,0,0,0,147000
987,59,5310,6,8,1910,2003,1001,634,1635,0,0,1,0,2,1,5,0,1,255,0,0,0,0,0,117000
348,70,17600,6,5,1960,1960,1478,0,1478,1,0,2,0,3,1,6,2,2,498,40,0,0,0,0,157500
387,58,8410,5,3,1910,1996,658,526,1184,0,0,1,0,5,1,8,0,0,0,151,0,0,0,0,81000
1,65,8450,7,5,2003,2003,856,854,1710,1,0,2,1,3,1,8,0,2,548,61,0,0,0,0,208500
361,70,7540,6,6,1978,1978,912,0,912,1,0,1,0,2,1,5,1,2,470,0,0,0,192,0,156000
829,70,28698,5,5,1967,1967,1160,966,2126,0,1,2,1,3,1,7,0,2,538,0,0,0,225,0,185000
1380,73,9735,5,5,2006,2007,754,640,1394,0,0,2,1,3,1,7,0,2,400,0,0,0,0,0,167500
476,80,8480,5,6,1963,1963,970,0,970,1,0,1,0,2,1,5,0,2,624,24,0,0,192,0,132500
1248,70,12328,6,5,1976,1976,1034,0,1034,1,0,1,0,3,1,6,0,3,888,0,0,0,0,0,169900
58,89,11645,7,5,2004,2004,860,860,1720,0,0,2,1,3,1,7,0,2,565,70,0,0,0,0,196500
638,50,6000,5,4,1954,1954,811,576,1387,0,0,2,0,3,2,7,0,1,256,0,0,0,0,0,93000
1274,124,11512,6,7,1959,2006,1357,0,1357,1,0,1,0,2,1,5,1,1,312,0,0,0,163,0,177000
1027,73,9300,5,5,1960,1960,1264,0,1264,1,0,1,0,3,1,6,2,2,461,0,0,0,143,0,167500
910,149,12589,6,5,2005,2005,742,742,1484,0,0,2,1,3,1,8,1,2,390,24,0,0,0,0,174000
173,44,5306,7,7,1987,1987,1064,703,1767,1,0,2,0,2,1,5,1,2,504,35,0,0,0,0,239000
451,70,5684,6,8,1930,2005,813,0,813,0,0,1,0,2,1,5,0,1,270,113,0,0,0,0,110000
126,60,6780,6,8,1935,1982,520,0,754,1,0,1,0,2,1,5,0,0,0,0,0,0,0,0,84500
935,313,27650,7,7,1960,2007,2069,0,2069,1,0,2,0,4,1,9,1,2,505,0,0,0,0,0,242000
531,85,10200,6,5,1988,1989,1509,0,1509,1,0,2,0,3,1,5,1,2,600,0,0,0,0,0,175000
858,65,8125,6,5,1994,1995,702,779,1481,0,0,2,1,3,1,6,1,2,343,36,0,0,0,0,174000
714,60,9873,4,5,1970,1970,960,0,960,1,0,1,0,3,1,6,0,2,576,288,0,0,0,0,129000
91,60,7200,4,5,1950,1950,1040,0,1040,0,0,1,0,2,1,4,0,2,420,29,0,0,0,0,109900
1413,60,7200,4,5,1949,1950,1040,0,1040,0,0,2,0,2,2,6,0,2,420,0,0,0,0,0,90000
182,54,7588,7,6,1920,1950,901,901,1802,0,0,1,1,4,1,9,1,1,216,0,40,0,0,0,200100
876,75,9000,8,5,2007,2007,1184,1426,2610,0,0,2,1,4,1,11,1,2,550,364,0,0,0,0,303477
1152,134,17755,5,4,1959,1959,1466,0,1466,0,0,1,1,3,1,6,2,2,528,140,0,0,100,0,149900
787,60,10800,5,6,1915,1950,966,686,1652,1,0,2,0,4,1,7,0,1,416,0,196,0,0,0,139000
415,59,11228,7,5,1993,1993,1080,1017,2097,0,1,2,1,3,1,9,1,3,678,187,0,0,0,0,228000
252,44,4750,8,5,2006,2007,1625,0,1625,1,1,2,0,2,1,5,1,2,538,0,0,0,153,0,235000
70,81,15593,7,4,1953,1953,1304,983,2287,0,0,2,0,3,1,7,1,2,667,21,114,0,0,0,225000
804,107,13891,9,5,2008,2009,1734,1088,2822,0,0,3,1,4,1,12,1,3,1020,170,0,0,192,0,582933
132,70,12224,6,5,2000,2000,1022,1032,2054,1,0,2,1,3,1,7,1,2,390,48,0,0,0,0,244000
301,90,15750,5,5,1953,1953,1336,0,1336,1,0,1,0,2,1,5,2,1,375,0,0,0,0,0,157000
979,68,9450,4,5,1954,1954,894,0,894,0,0,1,0,3,1,5,0,2,400,0,0,0,0,0,110000
327,32,10846,8,5,1993,1993,1719,0,1719,2,0,1,1,1,1,6,2,2,473,30,0,0,0,0,324000
1427,81,10944,7,5,1994,1994,1223,904,2127,1,0,2,1,3,1,5,2,2,525,132,0,0,0,0,271000
1084,80,8800,6,6,1964,1964,1251,0,1251,1,0,1,0,3,1,6,2,1,461,116,0,0,0,0,160000
500,70,7535,5,7,1958,1985,912,0,912,0,1,1,0,2,1,5,0,1,297,285,0,0,0,0,120000
969,50,5925,3,6,1910,1950,600,368,968,0,0,1,0,2,1,6,0,0,0,0,0,0,0,0,37900
833,44,9548,7,6,2003,2003,941,888,1829,1,0,2,1,3,1,7,1,2,613,39,0,0,0,0,237000
365,70,18800,6,5,1976,1976,790,784,1574,1,0,2,1,3,1,6,1,2,566,111,0,0,0,0,190000
496,60,7879,4,5,1920,1950,720,0,720,0,0,1,0,2,1,4,0,0,0,523,115,0,0,0,34900
1360,129,16737,9,5,2004,2005,1980,0,1980,1,0,2,0,3,1,8,1,3,770,45,0,0,0,0,315000
339,91,14145,7,7,1984,1998,1621,0,1621,1,0,2,0,3,1,8,0,2,440,45,0,0,0,0,202500
422,70,16635,6,7,1977,2000,1602,0,1602,0,1,2,0,3,1,8,1,2,529,0,0,0,0,0,215000
165,40,5400,6,7,1926,2004,1149,467,1616,0,0,2,0,3,1,5,0,1,216,0,183,0,0,0,152000
29,47,16321,5,6,1957,1997,1600,0,1600,1,0,1,0,2,1,6,2,1,319,258,0,0,0,0,207500
517,70,10448,6,6,1972,1972,1378,741,2119,0,0,2,1,3,1,7,1,2,583,104,0,0,0,0,158000
194,24,2522,7,5,2004,2004,970,739,1709,0,0,2,0,3,1,7,0,2,380,40,0,0,0,0,130000
1251,93,11160,7,5,1968,1968,2110,0,2110,1,0,2,1,3,1,8,2,2,522,0,0,0,0,0,244000
1327,70,4270,3,6,1931,2006,774,0,774,0,0,1,0,3,1,6,0,0,0,0,286,0,0,0,79000
1326,40,3636,4,4,1922,1950,796,0,796,0,0,1,0,2,1,5,0,0,0,0,100,0,0,0,55000
170,70,16669,8,6,1981,1981,1707,0,1707,0,0,2,1,2,1,6,1,2,511,64,0,0,0,0,228000
168,86,10562,8,5,2007,2007,1610,551,2161,1,0,1,1,3,1,8,1,3,789,120,0,0,0,0,325624
653,70,8750,7,5,1996,1996,909,807,1716,0,0,2,1,2,1,7,1,2,512,120,0,0,0,0,191000
174,80,10197,6,5,1961,1961,1362,0,1362,1,0,1,1,3,1,6,1,2,504,20,0,0,0,0,163000
519,70,9531,6,5,1998,1998,882,914,1796,1,0,2,1,3,1,7,0,2,546,36,0,0,0,0,211000
1182,64,5587,8,5,2008,2008,1652,0,1652,1,1,2,0,2,1,5,1,2,482,53,0,153,0,0,392500
1150,50,9000,7,9,1920,1988,832,650,1482,0,1,1,0,3,1,7,0,2,324,0,0,0,0,0,143000
913,51,6120,5,7,1925,1950,1015,0,1015,0,0,1,0,3,1,6,0,1,450,0,112,0,120,0,88000
492,79,9490,6,7,1941,1950,958,620,1578,1,0,1,0,3,1,5,2,1,240,0,32,0,0,0,133000
74,85,10200,5,7,1954,2003,1086,0,1086,1,0,1,0,3,1,6,0,2,490,0,0,0,0,0,144900
1220,21,1680,6,5,1971,1971,672,546,1218,0,0,1,1,3,1,7,0,0,0,0,0,0,0,0,91500
588,74,8740,5,6,1982,1982,860,0,860,1,0,1,0,2,1,4,0,2,528,0,0,0,0,0,137000
751,55,8800,4,7,1910,2004,792,348,1140,0,0,1,0,3,1,7,0,0,0,160,0,0,0,0,96500
658,60,7200,7,6,1931,2000,851,651,1502,0,0,1,1,3,1,6,1,1,270,0,112,0,0,0,149000
843,82,9020,6,7,1966,1966,1165,0,1165,1,0,1,1,3,1,6,0,2,490,129,0,0,0,0,174900
235,70,7851,6,5,2002,2002,860,1100,1960,1,0,2,1,4,1,8,2,2,440,48,0,0,0,0,216500
733,75,11404,7,5,1998,1999,1153,878,2031,0,0,2,1,3,1,8,1,2,541,84,0,0,0,0,222500
215,70,10900,6,7,1977,1977,689,703,1392,0,0,1,1,3,1,6,0,1,299,36,0,0,0,0,161750
163,95,12182,7,5,2005,2005,1541,0,1541,0,0,2,0,3,1,7,1,2,532,70,0,0,0,0,220000
133,75,7388,5,6,1959,2002,1327,0,1327,1,0,1,0,3,1,7,0,2,624,0,0,0,0,0,150750
1099,50,6000,4,6,1936,1950,757,567,1324,0,0,1,0,3,1,6,0,1,240,0,0,0,0,0,128000
223,85,11475,6,6,1975,1975,811,741,1552,1,0,2,1,3,1,6,1,2,434,208,0,0,0,0,179900
1313,70,9572,8,5,1990,1990,1453,1357,2810,0,0,2,1,4,1,9,1,2,750,0,0,0,0,0,302000
186,90,22950,10,9,1892,1993,1518,1518,3608,0,0,2,1,4,1,12,2,3,840,260,0,0,410,0,475000
42,115,16905,5,6,1959,1959,1328,0,1328,0,1,1,1,2,1,5,2,1,308,104,0,0,0,0,170000
693,42,26178,7,5,1989,1990,1238,1281,2519,1,0,2,1,4,1,9,2,2,628,27,0,0,0,0,335000
109,85,8500,5,7,1919,2005,997,520,1517,0,0,2,0,3,1,7,0,0,0,0,144,0,0,0,115000
39,68,7922,5,7,1953,2007,1057,0,1057,1,0,1,0,3,1,5,0,1,246,52,0,0,0,0,109000
569,79,12327,8,8,1983,2009,1496,636,2132,1,0,1,1,1,1,5,1,2,612,40,0,0,0,0,316600
948,85,14536,8,5,2002,2003,1629,0,1629,1,0,2,0,3,1,9,1,3,808,252,0,0,0,0,270000
1234,70,12160,5,5,1959,1959,1188,0,1188,1,0,1,0,3,1,6,0,2,531,0,0,0,0,0,142000
1404,49,15256,8,5,2007,2007,1464,0,1464,1,0,2,0,3,1,6,0,3,754,160,0,0,0,0,282922
484,32,4500,6,5,1998,1998,1216,0,1216,1,0,2,0,2,1,5,0,2,402,125,0,0,0,0,164000
469,98,11428,8,5,2006,2006,1634,0,1634,0,0,2,0,3,1,7,1,3,866,44,0,0,0,0,250000
891,60,8064,5,7,1949,2006,672,252,924,0,0,1,0,3,1,6,1,2,576,0,0,0,0,0,122900
25,70,8246,5,8,1968,2001,1060,0,1060,1,0,1,0,3,1,6,1,1,270,90,0,0,0,0,154000
963,24,2308,6,6,1976,1976,804,744,1548,1,0,2,1,3,1,7,1,2,440,0,0,0,0,0,155000
1101,60,8400,2,5,1920,1950,438,0,438,0,0,1,0,1,1,3,0,1,246,0,0,0,0,0,60000
69,47,4608,4,6,1945,1950,747,0,747,0,0,1,0,2,1,4,0,1,220,0,0,0,0,0,80000
885,65,7150,5,5,1967,1967,892,0,892,0,0,1,0,3,1,5,0,1,288,0,0,0,0,0,100000
1232,70,7728,5,6,1962,1962,1190,0,1190,1,0,1,0,3,1,6,0,2,540,18,0,0,0,0,132500
367,70,9500,6,5,1963,1963,1394,0,1394,1,0,1,1,3,1,6,2,2,514,76,0,0,185,0,159000
506,60,7596,5,5,1952,1952,960,1000,1960,0,0,2,0,4,2,10,0,2,400,0,0,0,0,0,124500
851,36,4435,6,5,2003,2003,848,0,848,1,0,1,0,1,1,3,0,2,420,0,0,0,0,0,131500
1282,50,8049,7,5,1990,1990,1339,0,1339,1,0,2,0,2,1,6,1,2,484,58,0,0,90,0,180000
384,60,9000,6,3,1928,1950,784,0,784,0,0,1,0,2,1,5,0,2,360,0,91,0,0,0,76000
735,70,8978,5,5,1968,1968,948,0,948,0,0,1,0,3,1,6,0,1,300,0,0,0,0,0,108000
718,80,10000,5,6,1973,2000,1178,0,1178,0,1,1,1,3,1,5,1,2,439,0,0,0,0,0,157000
1301,70,10762,7,5,1999,1999,1005,978,1983,0,0,2,1,3,1,9,1,2,490,0,0,0,0,0,225000
455,63,9297,5,5,1976,1976,1728,0,1728,2,0,2,0,4,2,8,0,2,560,0,0,0,0,0,188000
265,30,5232,5,5,1925,2004,764,0,764,0,0,1,0,2,1,4,0,2,504,0,0,0,0,0,73000
76,21,1596,4,5,1973,1973,526,462,988,1,0,1,0,2,1,5,0,1,297,101,0,0,0,0,91000
915,30,3000,6,5,2009,2009,612,612,1224,0,0,2,1,2,1,4,0,2,528,234,0,0,0,0,173733
233,21,1680,6,5,1972,1972,483,504,987,0,0,1,1,2,1,5,1,1,288,0,0,0,0,0,94500
445,70,8750,7,5,1994,1995,933,975,1908,1,0,2,1,4,1,8,1,2,493,133,0,0,0,0,210000
396,68,9571,5,6,1956,1956,1144,0,1144,1,0,1,0,3,1,6,0,1,596,0,0,0,0,0,129000
612,70,10395,6,6,1978,1978,1032,0,1032,0,1,2,0,3,1,6,1,2,564,0,0,0,0,0,148000
177,97,10029,6,5,1988,1989,1164,896,2060,0,1,2,1,4,1,8,1,2,521,228,0,0,192,0,211000
19,66,13695,5,5,2004,2004,1114,0,1114,1,0,1,1,3,1,6,0,2,576,102,0,0,0,0,159000
1278,70,17871,6,5,1967,1976,1724,0,1724,1,0,1,1,3,1,7,1,2,480,0,0,0,0,0,197900
1030,21,1680,6,7,1972,1972,672,546,1218,0,1,1,1,3,1,7,0,1,264,28,0,0,0,0,118000
342,60,8400,4,4,1950,1950,841,0,841,0,0,1,0,2,1,4,0,1,294,0,24,0,0,0,82000
1098,70,3696,8,5,1986,1986,1088,0,1088,0,0,1,1,2,1,5,0,2,461,74,137,0,0,0,170000
880,70,7000,5,8,1978,2005,864,0,864,1,0,1,0,3,1,6,0,1,336,0,0,0,0,0,136500
596,69,11302,8,5,2005,2006,1826,0,1826,1,0,2,0,3,1,7,1,3,758,75,0,0,120,0,319000
62,60,7200,5,7,1920,1996,581,530,1111,0,0,1,0,3,1,6,0,1,288,0,144,0,0,0,101000
1228,72,8872,5,8,1965,2008,912,0,912,1,0,1,0,2,1,5,0,2,576,240,0,0,0,0,147000
273,92,11764,8,7,1999,2007,1164,1106,2270,0,0,2,1,4,1,9,1,3,671,57,0,0,0,0,290000
1177,37,6951,5,5,1984,1985,923,0,923,1,0,1,0,3,1,5,0,1,264,0,0,0,0,0,119500
873,74,8892,5,7,1953,1996,910,0,910,0,0,1,0,3,1,5,0,2,414,0,150,0,0,0,116000
1091,60,8544,3,4,1950,1950,1040,0,1040,0,0,2,0,2,2,6,0,2,400,0,0,0,0,0,92900
1371,90,5400,4,6,1920,1950,840,534,1374,0,0,1,0,2,1,6,0,1,338,0,198,0,0,0,105000
279,107,14450,9,5,2006,2007,2121,0,2121,0,0,2,1,3,1,8,1,3,732,98,0,0,142,0,415298
1129,59,11796,7,5,2004,2005,847,1112,1959,0,0,2,1,4,1,8,1,2,434,48,0,0,0,0,215000
695,51,6120,5,6,1936,1950,1067,472,1539,0,0,1,1,3,1,5,0,2,576,0,0,0,0,0,141500
369,78,7800,5,6,1954,1954,1268,0,1268,0,0,1,0,2,1,7,1,1,244,98,0,0,0,0,132000
1346,50,6000,4,4,1920,1950,960,0,960,0,0,1,0,2,1,5,0,1,308,0,168,0,0,0,108500
37,112,10859,5,5,1994,1995,1097,0,1097,0,0,1,1,3,1,6,0,2,672,64,0,0,0,0,145000
736,60,10800,7,7,1914,1970,880,888,1768,0,0,1,1,2,1,6,2,2,320,341,0,0,0,0,163000
1412,80,9600,6,8,1950,2005,1112,556,1668,0,0,1,1,3,1,6,0,1,271,0,0,0,0,0,140000
663,120,13560,6,3,1968,1968,1392,0,1392,1,0,1,0,2,1,5,2,2,576,0,240,0,0,0,110000
1286,50,6000,6,6,1939,1950,825,587,1412,0,0,1,0,4,1,6,1,1,280,0,0,0,0,0,132500
1317,61,10226,8,5,2008,2008,1630,0,1630,1,0,2,0,3,1,8,1,3,860,42,0,0,0,0,295493
978,35,4274,7,5,2006,2007,1241,0,1241,1,0,1,1,1,1,4,0,2,569,116,0,0,0,0,199900
548,54,7244,5,7,1970,1970,768,0,768,1,0,1,0,2,1,5,0,2,624,0,0,0,0,0,129500
1162,70,14778,6,7,1954,2006,1640,0,1640,1,0,1,0,3,1,7,1,2,924,0,0,216,0,0,224000
689,60,8089,8,6,2007,2007,1419,0,1419,1,0,2,0,2,1,7,1,2,567,0,0,0,0,0,392000
739,60,10800,5,5,1987,1988,1200,0,1200,3,0,3,0,3,1,5,0,0,0,0,0,0,0,0,179000
192,70,7472,7,9,1972,2004,725,754,1479,1,0,1,1,4,1,7,0,2,484,32,0,0,0,0,184000
920,87,11029,6,8,1958,2002,1414,0,1414,1,0,1,0,3,1,6,1,2,601,51,0,0,190,0,176500
457,34,4571,5,5,1916,1950,624,720,1344,0,0,1,0,4,1,7,0,3,513,0,96,0,0,0,98000
869,70,14762,5,6,1948,1950,1547,720,2320,0,0,2,0,2,1,7,1,2,672,144,0,0,0,0,169000
394,70,7446,4,5,1941,1950,788,0,788,0,0,1,0,2,1,4,2,0,0,0,0,0,0,0,100000
676,24,2289,6,6,1978,1978,855,586,1441,0,0,2,1,3,1,7,1,2,440,0,0,0,0,0,148500
761,70,9100,6,6,1959,1959,864,0,864,0,0,1,0,2,1,5,0,1,300,0,0,0,0,0,127500
1437,60,9000,4,6,1971,1971,864,0,864,0,0,1,0,3,1,5,0,2,528,0,0,0,0,0,120500
729,85,11475,5,5,1958,1958,1776,0,1776,1,0,2,0,4,2,9,0,3,888,25,0,0,0,0,110000
420,65,8450,5,6,1968,1968,1056,0,1056,1,0,1,0,3,1,6,1,1,304,85,184,0,0,0,142000
376,70,10020,1,1,1922,1950,904,0,904,1,0,0,1,1,1,4,0,0,0,0,0,0,0,0,61000
413,70,4403,7,5,2009,2009,1478,0,1478,1,0,2,1,2,1,7,1,2,484,144,0,0,0,0,222000
75,60,5790,3,6,1915,1950,840,765,1605,0,0,2,0,3,2,8,0,1,379,0,202,0,0,0,107400
1367,68,9179,7,5,1999,1999,882,908,1790,1,0,2,1,3,1,7,0,2,588,88,0,0,0,0,193000
1142,70,10304,5,7,1976,1976,1088,780,1868,1,0,2,1,4,1,9,1,2,484,96,0,0,0,0,197500
501,21,1890,6,5,1973,1973,672,546,1218,0,0,1,1,3,1,7,0,1,264,28,0,0,0,0,113000
826,114,14803,10,5,2007,2008,2084,0,2084,1,0,2,0,2,1,7,1,3,1220,45,0,0,0,0,385000
196,24,2280,6,6,1976,1976,855,601,1456,0,0,2,1,3,1,7,1,2,440,0,0,0,0,0,148500
1460,75,9937,5,6,1965,1965,1256,0,1256,1,0,1,1,3,1,6,0,1,276,68,0,0,0,0,147500
617,70,7861,6,5,2002,2003,807,702,1509,1,0,2,1,3,1,7,1,2,393,75,0,0,0,0,183200
115,61,7259,6,8,1945,2002,1436,884,2320,1,0,2,1,3,1,9,1,1,180,0,0,0,0,0,259500
418,86,22420,6,6,1918,1950,1370,1254,2624,1,0,2,1,4,1,10,1,3,864,0,0,0,0,0,239000
602,50,9000,6,6,1937,1950,780,595,1375,0,0,1,1,3,1,6,1,1,544,162,0,0,126,0,141000
970,75,10382,6,5,1958,1958,1095,0,1095,1,0,1,0,2,1,6,0,1,264,0,0,0,0,0,140000
922,67,8777,5,7,1900,2003,1272,928,2200,2,0,2,2,4,2,9,0,0,0,70,0,0,0,0,145900
605,88,12803,7,5,2002,2002,1494,0,1494,1,0,2,0,3,1,6,1,2,530,36,0,0,0,0,221000
1449,70,11767,4,7,1910,2000,796,550,1346,0,0,1,1,2,1,6,0,1,384,24,0,0,0,0,112000
90,60,8070,4,5,1994,1995,990,0,990,1,0,1,0,3,1,5,0,0,0,0,0,0,0,0,123600
849,75,45600,6,8,1908,1997,1307,1051,2358,0,0,3,0,5,1,10,1,2,360,40,0,0,175,0,240000
1115,90,5400,5,7,1954,2000,833,0,833,0,0,1,0,2,1,4,0,1,326,0,0,0,0,0,117000
1396,88,12665,8,5,2005,2006,1133,1349,2482,0,0,2,1,4,1,9,1,3,642,39,0,0,0,0,281213
754,80,10240,8,5,2005,2005,1038,1060,2098,0,0,2,1,3,1,8,1,3,878,52,0,0,0,0,275500
499,65,7800,5,7,1967,2004,899,0,899,0,0,1,0,3,1,5,0,1,288,0,0,0,0,0,130000
12,85,11924,9,5,2005,2006,1182,1142,2324,1,0,3,0,4,1,11,2,3,736,21,0,0,0,0,345000
397,60,7200,5,5,1972,1972,894,0,894,0,0,1,0,2,1,6,0,2,600,0,0,0,0,0,123000
285,50,8012,6,5,1992,1992,1575,0,1575,1,0,2,0,2,1,5,0,2,529,0,52,0,0,0,179200
691,70,4426,6,5,2004,2004,848,0,848,1,0,1,0,1,1,3,1,2,420,0,0,0,0,0,141000
1198,65,8850,7,6,1916,1950,815,875,1690,0,0,1,0,3,1,7,1,1,225,0,330,0,0,0,144000
1368,41,2665,5,6,1977,1977,925,550,1475,0,0,2,0,4,1,6,1,1,336,26,0,0,0,0,127000
690,61,7577,6,5,2005,2006,1362,0,1362,0,0,2,0,2,1,6,1,2,460,28,0,0,0,0,194700
852,70,3196,8,5,2003,2003,1456,0,1456,0,0,2,0,2,1,7,1,2,400,20,0,0,0,0,215000
160,134,19378,7,5,2005,2006,1392,1070,2462,1,0,2,1,4,1,9,1,2,576,132,0,168,0,0,320000
896,71,7056,6,5,1963,1963,983,813,1796,1,0,1,1,4,1,8,1,2,483,50,0,0,0,0,140000
1193,60,9600,5,8,1925,1994,842,630,1472,0,0,1,0,3,1,6,0,1,250,0,84,0,0,0,125000
258,68,8814,7,5,2006,2006,1604,0,1604,1,0,2,1,3,1,8,1,2,660,110,0,0,0,0,220000
336,70,164660,5,6,1965,1965,1619,167,1786,2,0,2,0,3,1,7,2,2,529,0,0,0,0,0,228950
1372,80,9600,6,6,1955,1996,1661,0,1661,1,0,1,0,3,1,8,1,1,377,28,0,0,178,0,165500
1040,21,1477,4,4,1970,1970,630,0,630,1,0,1,0,1,1,3,0,1,286,0,0,0,0,0,80000
516,94,12220,10,5,2009,2009,2020,0,2020,1,0,2,1,3,1,9,1,3,900,54,0,0,0,0,402861
1016,70,8400,8,6,2001,2001,810,855,1665,1,0,2,1,3,1,6,0,2,528,45,0,0,0,0,227000
769,70,9100,7,5,2004,2005,1836,0,1836,0,0,2,0,3,1,8,1,2,484,33,0,0,0,0,216837
1293,60,6600,5,4,1892,1965,1378,994,2372,0,0,2,0,4,2,11,0,1,432,287,0,0,0,0,107500
762,60,6911,5,5,1924,1950,1301,0,1301,0,0,1,0,2,1,5,0,2,440,0,0,0,0,0,100000
1075,74,8556,7,5,2006,2006,1240,0,1240,0,0,2,0,2,1,5,0,3,826,93,0,0,0,0,194000
522,90,11988,6,6,1957,1957,1244,0,1244,0,0,1,1,3,1,6,2,1,336,40,0,0,0,0,150000
23,75,9742,8,5,2002,2002,1795,0,1795,0,0,2,0,3,1,7,1,2,534,159,0,0,0,0,230000
357,70,9248,6,6,1992,1992,1167,0,1167,1,0,2,0,3,1,6,0,2,400,26,0,0,0,0,173000
1452,78,9262,8,5,2008,2009,1578,0,1578,0,0,2,0,3,1,7,1,3,840,36,0,0,0,0,287090
341,85,14191,8,5,2002,2002,993,915,1908,0,0,2,1,4,1,9,0,2,431,0,0,0,0,0,202900
432,60,5586,6,7,1920,1998,1088,110,1198,0,0,1,0,4,1,7,0,0,0,98,0,0,0,0,79900
474,110,14977,8,5,2006,2007,1976,0,1976,1,0,2,0,2,1,7,1,3,908,63,0,0,0,0,440000
218,57,9906,4,4,1925,1950,810,518,1328,0,0,1,0,3,1,8,0,1,210,172,60,0,0,0,107000
912,70,9286,5,7,1977,1989,1268,0,1268,0,0,1,1,3,1,5,0,1,252,0,0,0,0,0,143500
1173,35,4017,7,5,2006,2007,625,625,1250,0,0,2,1,2,1,5,0,2,625,54,0,0,0,0,171900
1012,75,9825,5,5,1965,1965,1664,0,1664,0,0,2,0,4,2,8,0,0,0,0,0,0,0,0,100000
1421,90,11700,6,6,1968,1968,708,708,1416,0,0,2,1,3,1,7,1,2,776,169,0,0,119,0,179900
94,60,7200,6,6,1910,1998,1260,1031,2291,0,1,2,0,4,2,9,1,2,506,0,0,0,99,0,133900
1009,43,12118,7,5,2004,2005,1710,0,1710,0,0,2,0,3,1,7,1,2,550,48,0,0,180,0,240000
697,50,6000,5,7,1921,1950,616,0,616,0,0,1,0,2,1,4,0,1,205,0,129,0,0,0,89000
997,70,10659,5,6,1961,1961,1050,0,1050,1,0,1,0,3,1,6,0,1,368,319,0,0,0,0,136500
154,70,13500,6,7,1960,1975,1252,0,1252,1,0,1,0,1,1,4,1,2,564,0,0,0,0,0,235000
1308,60,8072,5,5,1994,1995,990,0,990,1,0,1,0,3,1,5,0,2,480,64,0,0,0,0,138000
1459,68,9717,5,6,1950,1996,1078,0,1078,1,0,1,0,2,1,5,0,1,240,0,112,0,0,0,142125
790,70,12205,6,8,1966,2007,976,1111,2087,0,0,2,1,5,1,9,0,2,444,168,0,0,0,0,187500
581,70,14585,6,6,1960,1987,1429,0,1429,0,1,1,0,3,1,7,2,2,572,110,0,0,0,0,181900
704,76,7630,5,9,1900,1996,1032,780,1812,0,0,2,0,4,2,8,1,2,672,0,40,0,0,0,140000
1226,65,10482,6,8,1958,1958,1138,0,1138,0,1,1,0,3,1,6,0,1,264,0,0,0,0,0,145000
488,70,12243,5,6,1971,1971,1484,0,1484,0,0,2,0,3,1,7,1,2,487,0,0,0,180,0,175000
560,70,3196,7,5,2003,2004,1557,0,1557,0,0,2,0,2,1,7,1,2,420,20,0,0,0,0,234000
802,40,4800,4,7,1916,1990,1196,0,1196,1,0,1,0,2,1,5,0,2,440,0,0,0,0,0,109900
513,70,9100,5,5,1958,1958,864,0,864,1,0,1,0,3,1,5,0,2,624,0,0,0,0,0,129900
634,80,9250,5,7,1954,2005,1056,0,1056,0,1,1,0,3,1,6,0,1,260,0,0,0,0,0,139400
1303,92,10120,8,5,1994,1994,1203,1323,2526,1,0,2,1,4,1,8,1,3,844,78,0,0,0,0,290000
791,43,3182,7,5,2005,2006,1145,0,1145,0,0,2,0,2,1,5,1,2,397,16,0,0,0,0,160200
117,70,11616,5,5,1962,1962,1092,0,1092,0,1,1,0,3,1,6,1,1,288,20,144,0,0,0,139000
741,60,9600,5,7,1910,2002,768,664,1432,0,0,2,0,2,1,7,0,2,360,0,112,0,0,0,132000
831,80,11900,6,5,1957,1957,1392,0,1392,1,0,1,1,3,1,6,2,2,458,0,0,0,192,0,166000
120,65,8461,6,5,2005,2006,728,728,1456,0,0,2,1,3,1,8,1,2,390,24,0,0,0,0,163990
657,72,10007,5,7,1959,2006,1053,0,1053,1,0,1,1,3,1,5,0,1,312,0,0,0,0,0,145500
636,60,10896,6,7,1914,1995,1440,1440,3395,0,0,2,0,8,2,14,0,0,0,110,0,0,0,0,200000
370,70,9830,5,7,1959,2006,1287,0,1287,1,0,1,0,3,1,7,1,2,576,17,0,0,182,0,162000
269,71,6900,5,6,1940,1955,778,0,778,0,0,1,0,2,1,4,1,1,924,25,0,0,0,0,120500
656,21,1680,6,5,1971,1971,525,567,1092,0,0,1,1,3,1,6,0,1,264,0,0,0,0,0,88000
936,52,5825,4,5,1926,1953,747,0,747,0,0,1,0,1,1,5,0,2,528,0,32,0,0,0,79900
823,70,12394,7,5,2003,2003,847,886,1733,0,0,2,1,3,1,7,1,2,433,48,0,0,0,0,225000
867,67,10656,8,5,2006,2007,1646,0,1646,0,0,2,0,3,1,6,1,3,870,80,0,0,0,0,248900
47,48,12822,7,5,2003,2003,1518,631,2149,1,0,1,1,1,1,6,1,2,670,43,0,0,198,0,239686
1288,70,36500,5,5,1964,1964,1582,0,1582,0,1,2,0,4,1,7,0,2,390,198,0,0,0,0,190000
992,121,17671,8,9,1882,1986,916,826,1742,0,0,1,1,4,1,8,1,2,424,169,0,0,0,0,168000
877,94,25286,4,5,1963,1963,1040,0,1040,1,0,1,0,3,1,5,0,2,648,0,0,0,0,0,132250
774,70,10150,5,5,1958,1958,912,0,912,0,0,1,0,2,1,5,0,1,275,0,0,0,0,0,114500
5,84,14260,8,5,2000,2000,1145,1053,2198,1,0,2,1,4,1,9,1,3,836,84,0,0,0,0,250000
1004,70,11500,5,6,1976,1976,1680,0,1680,0,0,2,0,4,2,8,0,2,528,0,0,0,0,0,136905
1269,70,14100,8,9,1935,1997,1968,1479,3447,0,0,3,1,4,1,11,2,3,1014,12,0,0,0,0,381000
264,50,5500,5,7,1929,2001,926,0,1316,1,0,1,0,3,1,6,0,2,484,0,0,0,0,0,130000
1361,51,9842,5,6,1921,1998,990,1611,2601,0,0,3,1,4,1,8,0,2,621,0,301,0,0,0,189000
1335,24,2368,5,6,1970,1970,765,600,1365,0,0,1,1,3,1,7,0,2,440,36,0,0,0,0,125000
444,53,3922,7,5,2006,2007,1258,0,1258,0,0,2,0,2,1,6,1,3,648,16,0,0,0,0,172500
1003,75,11957,8,5,2006,2006,1574,0,1574,0,0,2,0,3,1,7,1,3,824,104,0,0,0,0,232000
1078,70,15870,5,5,1969,1969,1096,0,1096,1,0,1,0,3,1,6,0,1,299,32,0,0,0,0,138800
838,21,1680,6,5,1973,1973,483,504,987,1,0,1,1,2,1,5,0,1,264,0,0,0,0,0,100000
1305,32,3363,7,5,2004,2004,976,732,1708,0,0,2,0,3,1,7,0,2,380,40,0,0,0,0,130000
305,87,18386,7,9,1880,2002,1675,1818,3493,0,0,3,0,3,1,10,1,3,870,0,0,0,0,0,295000
1212,152,12134,8,7,1988,2005,1080,672,1752,0,0,2,0,4,1,8,0,2,492,12,0,0,0,0,164000
314,150,215245,7,5,1965,1965,2036,0,2036,2,0,2,0,3,1,8,2,2,513,0,0,0,0,0,375000
150,70,6240,5,4,1936,1950,896,448,1344,0,0,1,0,3,1,7,0,1,240,114,0,0,0,0,115000
575,70,10500,5,7,1971,2005,576,533,1109,0,1,1,0,3,1,5,0,1,288,0,0,0,0,0,139000
51,70,13869,6,6,1997,1997,794,676,1470,0,1,2,0,3,1,6,0,2,388,75,0,0,0,0,177000
1141,60,7350,5,7,1951,1951,952,0,952,1,0,1,0,2,1,4,0,2,840,0,0,0,0,0,139000
727,70,21695,6,9,1988,2007,1680,0,1680,1,0,2,0,3,1,5,1,2,540,44,0,182,0,0,222000
834,100,10004,6,6,1964,1964,1516,0,1516,0,0,1,1,3,1,6,0,2,472,0,0,0,152,0,167000
1116,93,12085,8,5,2007,2007,1734,0,1734,1,0,2,0,3,1,7,1,3,928,0,0,0,0,0,318000
471,70,6820,8,5,1985,1985,1502,0,1502,1,0,1,1,1,1,4,0,2,528,54,0,0,140,0,212000
972,36,2268,7,5,2003,2004,764,862,1626,0,0,2,0,2,1,6,0,2,474,27,0,0,0,0,173000
654,60,10320,6,7,1906,1995,756,713,1469,0,0,1,0,3,1,7,0,1,216,0,239,0,0,0,135000
400,65,8125,7,5,2006,2007,1112,438,1550,1,0,2,0,2,1,7,0,2,438,168,0,0,0,0,241000
512,40,6792,7,5,2005,2006,1368,0,1368,0,0,2,0,2,1,6,1,2,474,35,0,0,0,0,202665
321,111,16259,9,5,2006,2006,1249,1347,2596,0,0,3,1,4,1,9,0,3,840,154,0,0,0,0,342643
20,70,7560,5,6,1958,1965,1339,0,1339,0,0,1,0,3,1,6,0,1,294,0,0,0,0,0,139000
685,58,16770,7,5,1998,1998,1195,644,1839,0,0,2,1,4,1,7,0,2,486,81,0,0,0,0,221000
36,108,13418,8,5,2004,2005,1132,1320,2452,0,0,3,1,4,1,9,1,3,691,32,0,0,0,0,309000
903,63,7875,7,5,2003,2003,807,702,1509,0,0,2,1,3,1,8,1,2,393,75,0,0,0,0,180000
828,65,8529,7,5,2001,2001,1434,0,1434,0,0,2,0,3,1,6,1,2,527,39,0,0,0,0,189000
1310,70,7153,6,5,1991,1991,1294,0,1294,1,0,2,0,3,1,6,0,2,496,51,0,0,0,0,179200
408,63,15576,6,7,1915,1976,840,840,1680,0,0,2,0,4,1,8,0,1,308,0,160,0,0,0,177000
921,70,8462,6,5,1994,1994,936,785,1721,0,1,2,1,3,1,7,0,2,471,87,0,0,0,0,201000
538,70,12735,4,5,1972,1972,864,0,864,0,0,1,0,3,1,5,0,2,576,0,0,0,0,0,111250
759,24,2280,7,5,1999,1999,757,744,1501,0,0,2,1,3,1,6,0,2,440,0,0,0,0,0,179400
1063,85,13600,5,5,1900,1950,1422,915,2337,0,0,2,0,5,2,10,0,2,560,57,0,0,0,0,90000
246,80,10400,7,5,1988,1988,1872,0,1872,0,1,2,0,3,1,6,1,2,604,39,0,0,0,0,241500
1128,182,14572,7,5,2004,2004,1530,0,1530,1,0,2,0,3,1,7,1,3,630,36,0,0,0,0,259000
785,35,6300,6,6,1914,2001,742,742,1484,0,0,2,0,3,1,9,1,0,0,291,134,0,0,0,128000
490,21,1526,4,8,1970,2002,630,0,630,1,0,1,0,1,1,3,0,1,286,0,0,0,0,0,86000
155,84,11340,6,5,1923,1950,1200,0,1200,0,0,1,0,4,1,7,0,1,312,0,228,0,0,0,125000
962,70,12227,6,7,1977,1995,1542,1330,2872,1,0,2,1,4,1,11,1,2,619,282,0,0,0,0,272000
854,70,12095,6,6,1964,1964,1445,0,1445,0,0,1,1,3,1,7,1,2,645,0,0,0,0,0,158000
626,87,10000,6,6,1962,1962,1116,0,1116,0,0,1,1,3,1,5,0,2,440,0,0,0,385,0,160000
686,70,5062,7,5,1984,1984,1190,900,2090,1,0,2,0,3,1,6,1,2,577,0,0,0,0,0,207500
570,70,7032,5,5,1979,1979,943,0,943,1,0,1,0,2,1,4,2,2,600,0,0,0,0,0,135960
1400,51,6171,6,6,1925,1990,1160,448,1608,0,0,2,1,3,1,7,1,1,216,16,0,0,0,0,137450
18,72,10791,4,5,1967,1967,1296,0,1296,0,0,2,0,2,2,6,0,2,516,0,0,0,0,0,90000
128,55,4388,5,7,1930,1950,840,0,840,0,0,1,0,3,1,5,1,0,0,0,0,0,0,0,87000
928,70,9900,7,5,1968,1968,1098,880,1978,0,0,2,1,4,1,9,1,2,486,43,0,0,0,0,176000
981,70,12122,7,9,1961,2007,999,0,999,1,0,1,0,3,1,6,0,2,588,76,0,0,0,0,178400
1432,70,4928,6,6,1976,1976,958,0,958,0,0,2,0,2,1,5,0,2,440,60,0,0,0,0,143750
191,70,10570,8,8,1932,1994,1549,1178,2727,0,0,2,1,3,1,10,2,2,440,74,0,0,0,0,315000
1140,98,8731,5,5,1920,1950,1167,0,1167,0,0,1,0,3,1,6,1,2,495,0,216,0,126,0,144000
993,80,9760,6,8,1964,1993,1020,831,1851,0,0,2,1,3,1,7,1,2,440,42,0,0,0,0,187000
1426,80,10721,6,6,1959,1959,1252,0,1252,0,0,1,0,3,1,7,0,2,528,39,0,0,0,0,142000
1219,52,6240,4,5,1947,1950,672,240,912,0,0,1,0,2,1,3,0,0,0,0,0,0,0,0,80500
607,82,12464,5,5,1996,1996,1040,0,1040,1,0,1,0,3,1,6,0,2,576,0,0,0,0,0,152000
181,70,2117,6,5,2000,2000,769,756,1525,0,0,2,1,3,1,5,1,2,440,0,0,0,0,0,177000
302,66,16226,8,5,1998,1999,1210,1242,2452,0,0,2,1,4,1,9,1,2,683,50,0,0,0,0,267000
497,70,12692,8,5,1992,1993,3228,0,3228,1,0,3,0,4,1,10,1,2,546,75,291,0,0,0,430000
1259,59,9587,7,5,2005,2005,1166,0,1166,1,0,2,0,2,1,5,0,2,400,0,0,0,0,0,190000
1223,78,10496,6,6,1949,1950,1168,678,1846,0,0,2,0,3,1,7,1,1,315,0,0,0,0,0,143000
1205,78,10140,5,6,1975,1975,1074,0,1074,1,0,1,1,3,1,6,0,2,495,88,0,0,0,0,153500
518,79,10208,7,5,1996,1997,1277,1067,2344,0,0,2,1,3,1,7,1,3,889,0,0,0,0,0,265000
1070,60,9600,5,7,1949,2003,893,0,893,0,1,1,0,2,1,4,0,2,576,0,0,0,0,0,135000
477,75,13125,6,5,1997,1998,1493,0,1493,1,0,2,0,3,1,7,1,2,508,39,0,0,0,0,208900
158,92,12003,8,5,2009,2010,774,1194,1968,0,0,2,1,4,1,8,1,3,680,75,0,0,0,0,269500
17,70,11241,6,7,1970,1970,1004,0,1004,1,0,1,0,2,1,5,1,2,480,0,0,0,0,0,149000
1073,50,7585,5,3,1948,1950,1002,454,1456,1,1,1,0,4,1,7,1,1,280,0,0,0,0,0,91500
547,70,8737,6,7,1923,1950,915,720,1635,0,0,1,1,3,1,6,1,2,440,38,0,144,0,0,210000
659,78,17503,6,5,1948,1950,912,546,1458,0,1,1,0,3,1,6,1,1,330,0,0,0,0,0,97500
1194,70,4500,6,5,1999,1999,1224,0,1224,1,0,2,0,2,1,5,0,2,402,304,0,0,0,0,165000
1020,43,3013,7,5,2005,2005,1506,0,1506,0,0,2,0,2,1,6,1,2,440,20,0,0,0,0,213490
1224,89,10680,5,3,1951,1951,2136,0,2136,0,0,2,0,4,1,7,0,2,528,30,0,0,0,0,137900
960,24,2572,7,5,1999,1999,696,720,1416,1,0,2,1,3,1,6,0,2,484,44,0,0,0,0,155000
1374,70,11400,10,5,2001,2002,2633,0,2633,1,0,2,1,2,1,8,2,3,804,140,0,0,0,0,466500
284,74,9612,8,5,2008,2009,1468,0,1468,0,0,2,0,3,1,6,1,3,898,150,0,0,0,0,244600
798,57,7677,5,5,1953,1953,773,0,773,0,0,1,0,2,1,4,0,1,240,0,0,0,0,0,110000
226,21,1680,5,5,1971,1971,630,672,1302,0,0,2,1,3,1,6,0,1,280,0,0,0,0,0,112000
27,60,7200,5,7,1951,2000,900,0,900,0,1,1,0,3,1,5,0,2,576,32,0,0,0,0,134800
438,50,6000,6,7,1926,2004,904,0,904,0,0,1,0,2,1,4,0,1,180,0,105,0,0,0,119000
1420,70,16381,6,5,1969,1969,1844,0,1844,1,0,2,0,3,1,7,1,2,540,73,216,0,0,0,223000
230,43,3182,7,5,2005,2006,1555,0,1555,0,0,2,0,2,1,7,1,2,430,20,0,0,0,0,192500
38,74,8532,5,6,1954,1990,1297,0,1297,0,1,1,0,3,1,5,1,2,498,0,0,0,0,0,153000
750,50,8405,4,3,1945,1950,1088,441,1529,0,0,2,0,4,1,9,0,1,240,0,185,0,0,0,98000
1046,70,13680,3,5,1955,1955,1733,0,1733,0,0,2,0,4,1,8,1,2,452,0,0,0,0,0,139600
470,76,9291,6,5,1993,1993,832,878,1710,0,0,2,1,3,1,7,0,2,506,70,0,0,0,0,187000
1246,78,12090,6,7,1984,2003,1140,728,1868,0,0,3,1,3,1,7,1,2,477,112,0,0,147,0,178000
1435,80,17400,5,5,1977,1977,1126,0,1126,1,0,2,0,3,1,5,1,2,484,41,0,0,0,0,160000
688,70,5105,7,5,2004,2004,551,551,1102,0,0,2,1,2,1,4,0,2,480,60,0,0,0,0,148800
1344,57,7558,6,6,1928,1950,1172,741,1913,0,0,1,1,3,1,9,1,2,342,0,0,0,0,0,177000
640,53,3982,8,5,2006,2006,1567,0,1567,1,0,2,0,1,1,7,1,3,648,0,0,0,0,0,264561
1262,80,9600,5,6,1956,1956,1050,0,1050,0,0,1,0,2,1,5,0,1,338,0,0,0,0,0,128900
1159,92,11932,8,5,2007,2008,1580,0,1580,0,0,2,0,3,1,7,0,3,830,24,0,0,0,0,235128
1218,72,8640,8,5,2009,2009,1314,0,1314,1,0,2,0,3,1,6,0,2,552,112,0,0,0,0,229456
1329,60,10440,6,7,1920,1950,1584,1208,2792,0,0,2,0,5,1,8,2,2,520,547,0,0,480,0,256000
801,79,12798,6,5,1997,1997,616,1072,1688,1,0,2,1,4,1,8,0,2,603,114,185,0,0,0,200000
161,70,11120,6,6,1984,1984,1232,0,1232,0,0,2,0,3,1,6,0,2,516,0,0,0,0,0,162500
957,24,1300,6,6,1980,1980,561,668,1229,0,0,1,1,2,1,5,1,2,462,0,0,0,0,0,124000
1187,107,10615,3,5,1900,1970,1014,685,1699,1,0,2,0,3,2,7,0,2,420,74,0,0,0,0,95000
822,60,6000,4,4,1953,1953,936,0,936,0,0,1,0,2,1,4,0,2,576,32,112,0,0,0,93000
1238,41,12393,7,5,2004,2005,847,1101,1948,0,0,2,1,4,1,8,1,2,434,48,0,0,0,0,195000
878,74,8834,9,5,2004,2005,1462,762,2224,1,0,2,1,4,1,10,1,3,738,0,0,0,0,0,350000
914,82,6270,5,6,1949,1950,1001,1001,2002,0,0,2,0,4,2,8,0,3,871,0,0,0,0,0,145000
153,70,14803,6,5,1971,1971,1097,896,1993,0,0,2,1,4,1,8,1,2,495,66,0,0,0,0,190000
1339,95,13450,7,5,2002,2002,920,941,1861,1,0,2,1,3,1,8,0,2,492,91,0,0,0,0,200000
510,80,9600,5,6,1959,1959,1041,0,1041,1,0,1,0,3,1,6,0,1,270,88,0,0,0,0,124500
1136,60,6180,6,5,1926,1950,986,0,986,0,0,1,0,2,1,5,1,1,180,128,0,0,0,0,102000
1252,70,3136,7,5,2003,2003,1405,0,1405,0,0,2,0,2,1,6,1,2,478,36,0,0,0,0,171750
104,94,10402,7,5,2009,2009,1226,0,1226,0,0,2,0,3,1,6,0,3,740,36,0,0,0,0,198900
587,55,10267,6,7,1918,2000,838,0,838,1,0,1,0,2,1,5,0,1,275,0,112,0,0,0,130000
1381,45,8212,3,3,1914,1950,864,0,864,1,0,1,0,2,1,5,0,1,200,0,96,0,0,0,58500
1144,70,9000,5,3,1959,1959,1006,0,1006,0,0,1,0,3,1,5,0,0,0,24,0,0,0,0,80000
54,68,50271,9,5,1981,1987,1842,0,1842,2,0,0,1,0,1,5,1,3,894,72,0,0,0,0,385000
152,107,13891,8,5,2007,2008,1710,0,1710,1,0,2,0,2,1,6,1,3,866,102,0,0,0,0,372402
404,93,12090,8,5,1998,1998,1165,1098,2263,0,0,2,1,4,1,10,1,2,420,123,0,0,0,0,258000
1417,60,11340,4,6,1885,1950,1246,1044,2290,0,0,2,0,4,2,11,0,2,560,0,114,0,0,0,122500
208,70,12493,4,5,1960,1960,1100,0,1100,1,0,1,0,3,1,6,1,1,312,0,0,0,0,0,141000
1382,70,12925,6,7,1970,1970,2117,0,2117,0,0,2,1,4,1,7,2,2,550,42,0,0,0,0,237500
1123,70,8926,4,3,1956,1956,960,0,960,0,0,1,0,3,1,5,0,1,288,0,0,0,160,0,112000
9,51,6120,7,5,1931,1950,1022,752,1774,0,0,2,0,2,2,8,2,2,468,0,205,0,0,0,129900
1015,60,11664,6,5,1948,1950,1082,0,1082,0,0,1,0,2,1,5,1,1,240,130,0,0,0,0,119200
1309,100,12000,5,7,1948,2005,1122,0,1122,1,0,1,0,2,1,6,0,2,528,36,0,0,0,0,147000
1061,41,4920,8,5,2001,2001,1338,0,1338,1,0,2,0,2,1,6,0,2,582,0,170,0,0,0,213500
453,70,9303,6,5,1996,1997,888,868,1756,1,0,2,1,3,1,7,0,2,422,122,0,0,0,0,204000
254,85,9350,6,7,1964,1991,1302,0,1302,0,1,2,0,3,1,7,0,1,309,0,0,0,0,0,158000
897,50,8765,4,6,1936,1950,951,0,951,0,0,1,0,2,1,6,0,1,327,28,0,0,0,0,106500
1379,21,1953,6,5,1973,1973,483,504,987,0,0,1,1,2,1,5,0,1,264,0,0,0,0,0,83000
881,60,7024,5,5,2005,2006,1090,0,1090,1,0,1,1,2,1,5,0,2,450,49,0,0,0,0,157000
1378,60,10998,5,5,1941,1960,984,620,1604,0,0,2,0,3,1,6,0,2,660,68,0,0,0,0,117000
624,70,2117,6,5,2000,2000,756,756,1512,0,0,2,1,2,1,4,1,2,440,32,0,0,0,0,168500
346,65,6435,6,5,1939,1950,972,605,1577,0,0,1,0,3,1,6,1,1,312,0,0,0,0,0,140200
1254,70,17542,7,7,1974,2003,1516,651,2167,1,0,2,1,3,1,9,2,2,518,47,0,0,0,0,294000
263,88,8471,6,7,1977,1995,1212,0,1212,1,0,1,0,3,1,6,1,2,492,12,0,0,0,0,151000
151,120,10356,5,6,1975,1975,969,0,969,0,0,1,1,3,1,5,0,2,440,0,0,0,0,0,122000
473,35,3675,6,5,2005,2005,1072,0,1072,1,0,1,0,2,1,5,0,2,525,28,0,0,0,0,148000
641,62,12677,8,5,2003,2004,1518,0,1518,0,0,1,1,1,1,6,1,2,588,140,0,0,0,0,274000
1447,70,26142,5,7,1962,1962,1188,0,1188,0,0,1,0,3,1,6,0,1,312,39,0,0,0,0,157900
1375,85,10625,7,5,2005,2005,1026,932,1958,0,0,2,1,3,1,9,1,3,936,210,0,0,0,0,250000
551,53,4043,6,6,1977,1977,1069,0,1069,0,0,2,0,2,1,4,0,2,440,55,0,0,200,0,140000
929,70,11838,8,5,2001,2001,1788,0,1788,0,0,2,0,3,1,7,1,2,522,151,0,0,0,0,236500
489,60,10800,5,4,1900,1970,1766,648,2414,0,0,2,0,3,2,10,1,2,520,0,0,0,0,0,160000
1322,70,6627,3,6,1949,1950,720,0,720,0,0,1,0,2,1,4,0,1,287,0,0,0,0,0,72500
1172,76,9120,6,6,1958,1958,1261,0,1261,1,0,1,0,3,1,6,1,2,433,0,0,0,288,0,163000
147,51,6120,5,7,1931,1993,875,0,875,1,0,1,0,2,1,5,0,1,180,0,0,0,0,0,105000
403,60,10200,5,8,1940,1997,672,0,672,0,0,1,0,2,1,4,0,1,240,0,0,0,0,0,108000
955,35,9400,6,5,1975,1975,980,0,980,0,2,2,0,4,0,4,0,0,0,0,0,0,0,0,127500
1405,60,10410,3,4,1915,1950,694,520,1214,0,0,1,0,3,1,6,0,3,936,0,160,0,0,0,105000
660,75,9937,5,7,1964,1999,1486,0,1486,1,0,1,0,3,1,7,0,2,480,0,0,0,0,0,167000
464,74,11988,6,7,1934,1995,849,811,1660,0,0,1,1,3,1,6,1,1,240,0,0,0,0,0,188700
187,70,9947,7,5,1990,1991,1217,0,1217,1,0,2,0,3,1,6,0,2,497,27,0,0,0,0,173000
1148,75,12000,7,7,1941,1950,860,704,1564,0,0,1,1,3,1,7,1,1,234,0,0,0,0,0,174500
1225,60,15384,7,5,2004,2005,788,702,1490,1,0,2,1,3,1,8,1,2,388,75,0,0,0,0,184000
609,78,12168,8,6,1934,1998,1940,1254,3194,0,0,2,1,4,1,10,2,2,380,0,0,0,0,0,359100
144,78,10335,7,5,1999,1999,1501,0,1501,1,0,2,0,3,1,6,0,2,577,29,0,0,0,0,204000
752,70,7750,7,5,2003,2003,660,660,1320,0,0,2,1,3,1,6,0,2,400,48,0,0,0,0,162000
982,98,12203,8,5,1998,1999,1276,1336,2612,1,0,2,1,4,1,8,1,3,676,0,0,0,0,0,336000
198,174,25419,8,4,1918,1990,1360,1360,3112,1,1,2,0,4,1,8,1,2,795,16,552,0,0,512,235000
884,60,6204,4,5,1912,1950,954,795,2230,1,0,1,0,5,1,10,0,1,440,188,0,0,0,0,118500
280,83,10005,7,5,1977,1977,1156,866,2022,0,0,2,1,4,1,8,1,2,505,117,0,0,0,0,192000
294,70,16659,7,7,1977,1994,1468,795,2263,1,0,2,1,3,1,9,1,2,539,250,0,0,0,0,235000
1330,63,9084,7,5,1998,1998,955,677,1632,0,0,2,1,3,1,8,1,2,462,28,0,0,0,0,176500
401,38,14963,8,5,1996,1996,1288,0,1288,1,0,1,1,1,1,4,2,2,500,30,0,0,224,0,245500
123,75,9464,6,7,1958,1958,1080,0,1080,0,0,1,0,3,1,5,0,1,288,0,0,0,130,0,136000
1208,70,9135,6,5,2003,2003,1700,0,1700,1,0,2,0,3,1,7,0,2,544,23,0,0,0,0,200000
203,50,7000,6,6,1924,1950,865,445,1310,0,0,2,0,2,1,6,0,1,398,0,126,0,0,0,112000
836,60,9600,4,7,1950,1995,1067,0,1067,0,0,2,0,2,1,4,0,2,436,0,0,0,0,0,128000
247,69,9142,6,8,1910,1950,908,1020,1928,0,0,2,0,4,2,9,0,1,440,60,112,0,0,0,137000
1387,80,16692,7,5,1978,1978,1392,1392,2784,1,0,3,1,5,1,12,2,2,564,112,0,0,440,519,250000
1373,75,9750,7,6,1998,1998,1108,989,2097,1,0,2,1,3,1,8,1,2,583,170,0,0,0,0,274300
1154,70,5890,6,8,1930,2007,816,0,816,0,0,1,0,2,1,5,0,1,432,0,96,0,0,0,120500
385,70,53107,6,5,1992,1992,1079,874,1953,1,0,2,1,3,1,9,2,2,501,231,0,0,0,0,240000
1289,40,5664,8,5,2000,2000,1659,0,1659,1,0,2,0,2,1,5,1,2,499,59,0,0,0,0,278000
855,102,17920,5,4,1955,1974,1779,0,1779,1,0,1,1,3,1,6,1,2,454,418,0,0,312,0,170000
220,43,3010,7,5,2005,2006,1248,0,1248,0,0,2,0,2,1,5,0,2,438,0,0,0,0,0,167240
642,70,7050,7,5,2001,2001,1057,872,1929,1,0,2,1,3,1,7,1,2,650,235,0,0,0,0,226000
2,80,9600,6,8,1976,1976,1262,0,1262,0,1,2,0,3,1,6,1,2,460,0,0,0,0,0,181500
113,77,9965,7,5,2007,2007,1282,1414,2696,1,0,2,1,4,1,10,1,3,792,184,0,0,168,0,383970
699,65,8450,5,8,1965,2009,894,0,894,1,0,1,0,3,1,5,1,1,336,144,0,0,0,0,138500
1394,60,10800,6,7,1905,2000,1221,691,1912,0,0,2,0,3,2,7,1,2,672,25,212,0,0,0,163000
952,60,7800,5,5,1965,1965,965,0,965,1,0,1,0,3,1,6,0,1,300,0,0,0,0,0,119900
1284,94,9400,6,5,1971,1971,912,912,1824,0,0,2,2,4,2,8,0,0,0,0,0,0,0,0,139000
1319,70,14781,8,5,2001,2002,1787,0,1787,0,0,2,0,3,1,7,1,3,748,150,0,0,0,0,275000
442,92,12108,4,4,1955,1955,1440,0,1440,0,0,2,0,4,2,8,0,0,0,0,0,0,0,0,118000
1137,80,9600,6,5,1950,1950,1032,220,1252,0,0,1,0,3,1,6,0,1,288,0,96,0,0,0,119000
1257,91,14303,8,5,1994,1994,1987,0,1987,1,0,2,0,2,1,7,1,2,691,36,0,0,0,0,301500
664,90,10012,4,5,1972,1972,1181,0,1181,1,0,2,0,3,1,6,0,2,588,0,180,0,0,0,137500
1434,93,10261,6,5,2000,2000,962,830,1792,1,0,2,1,3,1,8,1,2,451,0,0,0,0,0,186500
1258,56,4060,5,8,1922,1950,864,0,864,0,0,1,0,2,1,4,0,0,0,96,0,0,0,0,99900
1297,80,8700,5,6,1963,1963,1128,0,1128,1,0,2,0,3,1,6,0,2,525,20,123,0,0,0,155000
318,75,9000,8,5,2006,2006,1088,871,1959,0,0,2,1,3,1,8,1,3,1025,46,0,0,0,0,270000
649,70,7700,6,5,1966,1966,1051,788,1839,0,0,1,1,4,1,7,1,2,442,124,216,0,0,0,155000
710,70,7162,5,7,1966,1966,904,0,904,0,0,1,0,3,1,6,0,1,408,0,0,0,0,0,109900
1283,61,8800,5,7,1977,2008,1040,0,1040,0,0,2,0,3,1,5,0,2,484,0,0,0,288,0,150500
973,55,7892,6,5,1979,1979,918,0,918,0,0,2,0,2,1,5,1,1,264,0,0,0,0,0,99500
628,80,9600,6,6,1955,1972,1520,0,1520,1,0,1,0,3,1,7,2,1,364,0,189,0,0,0,153000
633,85,11900,7,5,1977,1977,1411,0,1411,0,0,2,0,3,1,6,1,2,544,0,0,0,0,0,82500
1249,60,9600,6,5,1917,1950,1134,924,2058,0,0,1,1,3,1,8,1,2,396,0,259,0,0,0,129500
1424,70,19690,6,7,1966,1966,1575,626,2201,0,0,2,0,4,1,8,1,2,432,236,0,0,0,738,274970
1255,60,6931,7,5,2003,2004,760,896,1656,0,0,2,1,3,1,7,1,2,397,128,0,0,0,0,165400
1349,70,16196,7,5,1998,1998,1494,0,1494,1,0,2,0,3,1,5,1,2,514,25,0,0,0,0,215000
796,70,8400,6,6,1980,1981,888,676,1564,0,0,2,1,3,1,7,1,2,476,50,0,0,204,0,171000
646,70,10530,6,5,1971,1971,981,0,981,1,0,1,1,3,1,5,0,2,576,312,40,0,0,0,143250
1013,55,10592,6,7,1923,1996,900,602,1502,0,0,1,1,3,1,7,2,1,180,0,112,0,53,0,165000
557,69,14850,5,5,1957,1957,1092,0,1092,1,0,1,0,2,1,6,1,1,299,0,0,0,122,0,141000
682,55,4500,5,5,1932,2000,848,672,1520,0,0,1,0,3,1,6,0,1,281,0,56,0,0,0,159434
578,96,11777,5,6,1966,1966,1320,0,1320,1,0,1,0,3,1,6,2,2,564,68,240,0,0,0,164500
1110,107,11362,8,5,2004,2005,1836,0,1836,1,0,2,0,3,1,7,1,3,862,185,0,0,0,0,280000
1267,60,10120,7,4,1910,1950,964,925,1889,0,0,1,1,4,2,9,1,1,308,0,264,0,0,0,122000
1184,60,10800,5,6,1920,1950,1130,0,1130,1,0,1,0,2,1,5,1,2,720,0,0,0,0,0,120000
525,95,11787,7,5,1996,1997,1383,1015,2398,1,0,2,1,3,1,8,1,3,834,60,0,0,0,0,315750
1060,70,11275,6,7,1932,1950,1096,895,1991,0,0,1,1,3,1,7,1,2,432,0,19,0,0,0,220000
541,85,14601,9,5,2006,2006,1838,0,1838,1,0,2,0,2,1,8,1,3,765,68,0,0,0,0,315000
1195,80,9364,6,7,1969,1969,663,689,1352,0,0,1,1,4,1,7,0,1,299,36,0,0,0,0,158000
749,59,10593,7,5,1996,1996,1720,0,1720,1,0,2,0,3,1,7,1,2,527,56,154,0,0,0,260400
1352,70,9247,6,6,1962,1962,858,858,1716,0,0,1,1,4,1,8,1,2,490,84,0,0,120,0,171000
485,70,7758,5,7,1962,2001,999,0,999,1,0,1,0,3,1,6,0,1,264,132,0,0,0,0,132500
96,70,9765,6,8,1993,1993,680,790,1470,0,0,2,1,3,1,6,1,2,420,63,0,0,0,0,185000
1021,60,7024,4,5,2005,2005,1132,0,1132,1,0,1,1,2,1,5,0,2,451,64,0,0,0,0,176000
564,66,21780,6,7,1918,1950,1163,511,1674,0,0,2,0,4,1,8,1,2,396,36,0,0,144,0,185000
1265,34,4060,6,5,1998,1999,1337,0,1337,1,0,2,0,2,1,5,0,2,511,68,0,0,0,0,181000
743,65,8450,7,5,2000,2001,1349,0,1349,0,0,2,0,3,1,6,0,2,539,55,0,0,0,0,179000
864,70,7931,5,5,1959,1959,1148,0,1148,1,0,1,0,3,1,6,0,1,672,0,0,0,0,0,132500
892,70,11184,6,5,1978,1978,918,765,1683,0,0,2,1,3,1,7,1,2,440,0,0,0,0,0,172500
1039,21,1533,4,6,1970,2008,798,546,1344,0,0,1,1,3,1,6,1,0,0,0,0,0,0,0,97000
207,40,13673,5,5,1962,1962,1696,0,1696,0,0,1,1,3,1,8,1,1,349,30,0,0,0,0,143900
393,70,8339,5,7,1959,1959,882,0,882,0,0,1,0,3,1,5,0,1,294,0,0,0,0,0,106500
795,70,10832,7,5,1994,1996,1086,809,1895,0,0,2,1,3,1,7,1,2,409,46,0,0,0,0,194500
871,60,6600,5,5,1962,1962,894,0,894,0,0,1,0,2,1,5,0,1,308,0,0,0,0,0,109500
398,69,7590,5,5,1962,1962,876,936,1812,0,0,2,0,4,1,8,1,1,264,168,0,0,0,0,169500
767,80,10421,7,5,1988,1988,980,734,1714,0,0,2,1,3,1,7,1,2,496,66,156,0,0,0,196500
1342,66,13695,6,5,2003,2004,1114,0,1114,1,0,1,0,3,1,6,0,2,576,78,0,0,0,0,155000
1242,83,9849,7,6,2007,2007,1689,0,1689,0,0,2,0,3,1,7,0,3,954,56,0,0,0,0,248328
1029,79,9492,5,5,1941,1950,968,408,1376,1,0,1,0,3,1,6,1,1,240,0,0,0,0,0,105000
643,75,13860,8,7,1972,1995,2000,704,2704,1,0,2,1,4,1,9,3,2,538,111,0,0,0,0,345000
613,70,11885,8,5,2001,2001,1299,573,1872,1,0,2,1,3,1,7,1,2,531,122,0,0,0,0,261500
961,50,7207,5,7,1958,2008,858,0,858,1,0,1,0,2,1,4,0,0,0,0,0,0,0,0,116500
726,60,6960,4,6,1970,1970,864,0,864,0,0,1,0,3,1,5,0,2,660,0,0,0,0,0,120500
684,90,11248,9,5,2002,2002,1668,0,1668,1,0,2,0,3,1,7,1,3,702,45,0,0,0,0,285000
99,85,10625,5,5,1920,1950,835,0,835,0,0,1,0,2,1,5,0,1,366,0,77,0,0,0,83000
805,75,9000,5,5,1954,1954,1128,0,1128,0,0,1,0,2,1,5,0,1,286,0,0,0,0,0,118000
407,51,10480,6,5,1936,1950,1166,0,1639,0,0,1,0,3,1,6,0,1,240,0,0,0,0,0,115000
503,70,9170,5,7,1965,1965,1214,0,1214,1,0,1,0,2,1,6,0,2,461,0,184,0,0,0,140000
1072,78,11700,6,6,1968,1968,829,727,1556,0,0,1,1,4,1,8,0,2,441,0,0,0,0,0,154000
1057,43,7052,7,5,2005,2005,1364,0,1364,1,0,2,0,2,1,6,1,2,484,36,0,0,0,0,185850
930,70,13006,7,5,1997,1997,993,1243,2236,0,0,2,1,4,1,8,1,2,642,0,0,0,0,0,222000
780,78,10530,6,5,1977,1977,1004,0,1004,1,0,1,0,2,1,4,0,2,504,0,0,0,0,0,135000
201,80,8546,4,5,2003,2004,1121,0,1121,0,0,2,0,2,1,5,0,2,440,64,0,0,0,0,140000
135,78,10335,5,6,1968,1993,1721,0,1721,0,0,2,1,3,1,7,1,2,440,96,180,0,0,0,180000
1052,103,11175,7,5,2007,2007,1316,0,1316,0,0,2,0,3,1,6,1,2,440,20,0,0,0,0,200141
41,84,8658,6,5,1965,1965,1324,0,1324,0,0,2,0,3,1,6,1,2,440,138,0,0,0,0,160000
1018,70,5814,8,5,1984,1984,1360,0,1360,1,0,1,0,1,1,4,1,2,565,0,0,0,0,0,187500
231,73,8760,6,6,1959,1959,1194,0,1194,1,0,1,0,3,1,6,0,1,312,0,120,0,0,0,148000
379,88,11394,9,2,2010,2010,1856,0,1856,1,0,1,1,1,1,8,1,3,834,0,0,0,0,0,394432
289,70,9819,5,5,1967,1967,900,0,900,0,0,1,0,3,1,5,0,1,280,0,0,0,0,0,122000
419,60,8160,5,6,1940,1950,756,378,1134,1,0,1,1,3,1,7,0,1,240,0,0,0,0,0,126000
392,71,12209,6,5,2001,2002,804,1157,1961,1,0,2,1,3,1,7,1,2,560,192,0,0,0,0,215000
593,60,6600,5,8,1982,2003,816,0,816,1,0,1,0,2,1,4,0,2,816,0,0,0,0,0,138000
1163,109,8724,5,5,1968,1968,894,0,894,0,0,1,0,3,1,5,1,2,450,0,0,0,0,0,129000
1087,70,1974,4,5,1973,1973,546,546,1092,0,0,1,1,3,1,6,0,1,286,96,0,0,0,0,83500
648,85,10452,6,5,1953,1953,1094,0,1094,0,0,1,0,3,1,5,2,2,495,0,0,0,287,0,155000
1153,90,14115,6,7,1956,2004,1811,0,1811,0,0,1,0,2,1,6,1,2,470,0,280,0,0,0,230000
521,60,10800,4,7,1900,2000,694,600,1294,0,0,2,0,3,2,7,0,0,0,114,210,0,0,0,106250
65,70,9375,7,5,1997,1998,1057,977,2034,1,0,2,1,3,1,8,0,2,645,36,0,0,0,0,219500
15,70,10920,6,5,1960,1960,1253,0,1253,1,0,1,1,2,1,5,1,1,352,213,176,0,0,0,157000
1181,70,11170,7,5,1990,1991,1298,1216,2514,0,0,2,1,4,1,8,0,2,693,0,0,0,0,0,250000
1065,70,11000,5,6,1966,1966,1154,0,1154,0,0,1,1,3,1,6,1,2,480,58,0,0,0,0,154000
493,105,15578,6,5,2006,2006,728,728,1456,0,0,2,1,3,1,8,0,2,429,0,0,0,0,0,172785
380,60,8123,6,5,2000,2000,1007,793,1800,0,0,2,1,3,1,7,1,2,463,63,0,0,0,0,179000
188,60,10410,5,7,1916,1987,808,704,1656,0,0,2,1,3,1,8,0,1,180,0,0,140,0,0,135000
764,82,9430,8,5,1999,1999,1268,1097,2365,1,0,2,1,3,1,8,1,3,856,128,0,0,180,0,337000
217,65,8450,7,5,2004,2004,1436,0,1436,1,0,2,0,3,1,8,0,2,484,98,0,0,0,0,210000
792,70,11333,6,5,1976,1976,1062,0,1062,1,0,1,0,3,1,5,2,2,539,0,0,0,0,0,146800
1077,60,10800,5,8,1936,1989,1096,370,1466,0,1,2,0,3,1,7,1,2,566,21,0,0,0,0,170000
879,88,11782,5,7,1961,1995,1155,0,1155,1,0,1,0,3,1,6,0,2,576,0,0,0,0,0,148000
338,70,9135,7,5,2002,2003,1536,0,1536,1,0,2,0,3,1,7,0,2,532,74,0,0,0,0,214000
720,69,9920,5,6,1969,1969,971,0,971,0,0,1,1,3,1,5,1,1,300,0,0,0,0,0,128500
296,37,7937,6,6,1984,1984,1003,0,1003,1,0,1,0,3,1,6,0,2,588,0,0,0,0,0,142500
1017,73,11883,7,5,1996,1996,1504,0,1504,1,0,2,0,3,1,6,1,2,478,66,0,0,0,0,203000
1276,95,11345,5,5,1948,1950,928,992,1920,0,0,2,0,4,2,10,0,2,400,0,0,0,0,0,137000
456,80,9600,7,6,1973,1973,1242,0,1242,0,0,1,1,3,1,6,1,2,528,0,0,0,0,0,175500
1458,66,9042,7,9,1941,2006,1188,1152,2340,0,0,2,0,4,1,9,2,1,252,60,0,0,0,0,266500
816,48,12137,7,5,1998,1998,1661,0,1661,0,0,2,0,3,1,6,0,2,598,34,0,0,0,0,224900
270,70,7917,6,7,1976,1976,1113,0,1113,1,0,1,1,3,1,6,1,1,504,30,0,0,0,0,148000
996,51,4712,4,7,1946,1950,774,456,1230,1,0,1,1,3,1,5,0,1,305,57,0,0,63,0,121600
202,75,10125,6,6,1977,1977,1279,0,1279,0,1,2,0,3,1,6,2,2,473,83,0,0,0,0,171500
162,110,13688,9,5,2003,2004,1572,1096,2668,1,0,2,1,3,1,10,2,3,726,0,0,0,0,0,412500
730,52,6240,4,5,1925,1950,848,0,1208,0,0,1,0,2,1,5,0,2,539,23,112,0,0,0,103000
402,65,8767,7,5,2005,2005,1310,0,1310,0,0,2,0,3,1,6,1,2,400,0,0,0,0,0,164990
703,82,12438,8,5,2006,2006,1264,1312,2576,0,0,2,1,4,1,10,1,3,666,100,0,0,0,0,361919
1130,60,7200,5,5,1980,1980,936,0,936,1,0,1,0,2,1,4,0,2,672,0,0,0,0,0,140000
566,66,6858,6,4,1915,1950,841,806,1647,1,0,1,1,4,1,6,0,1,216,66,136,0,0,0,128000
1022,64,7406,7,5,2006,2006,1220,0,1220,1,0,2,0,2,1,6,0,2,632,54,0,0,0,0,194000
1026,70,7700,5,5,1972,1972,882,0,882,1,0,1,0,3,1,5,0,2,461,0,0,0,0,0,112500
1105,24,2016,5,5,1970,1970,630,672,1302,0,0,2,1,3,1,6,0,2,440,0,0,0,0,0,106000
206,99,11851,7,5,1990,1990,1442,0,1442,0,0,2,0,3,1,5,0,2,500,34,0,508,0,0,180500
35,60,7313,9,5,2005,2005,1561,0,1561,1,0,2,0,2,1,6,1,2,556,47,0,0,0,0,277500
776,32,4500,6,5,1998,1998,1204,0,1204,1,0,2,0,2,1,5,0,2,412,247,0,0,0,0,162000
509,60,9600,7,9,1928,2005,689,689,1378,0,0,2,0,3,1,7,1,2,360,0,116,0,0,0,161000
1442,70,4426,6,5,2004,2004,848,0,848,1,0,1,0,1,1,3,1,2,420,0,0,0,0,0,149300
1391,70,9100,7,5,2000,2000,1525,0,1525,1,0,2,0,3,1,6,0,2,541,36,0,0,0,0,235000
92,85,8500,5,3,1961,1961,1235,0,1235,0,0,1,0,2,1,6,0,2,480,0,0,0,0,0,98600
1364,73,8499,6,5,2006,2007,616,796,1412,0,0,2,1,3,1,6,1,2,432,36,0,0,0,0,156932
898,64,7018,5,5,1979,1979,1120,1120,2240,0,0,2,0,6,2,12,0,2,528,0,0,0,0,0,142953
565,70,13346,7,5,1992,2000,1166,1129,2295,1,0,2,1,4,1,9,1,2,590,40,0,0,0,0,268000
1370,48,10635,8,5,2003,2003,1668,0,1668,1,0,2,0,3,1,8,1,2,502,262,0,0,0,0,232000
777,86,11210,7,5,2005,2006,1614,0,1614,0,0,2,0,3,1,7,0,3,865,59,0,0,0,0,221500
242,40,3880,5,9,1945,1997,866,0,866,0,0,1,0,2,1,4,0,0,0,42,0,0,0,0,110500
14,91,10652,7,5,2006,2007,1494,0,1494,0,0,2,0,3,1,7,1,3,840,33,0,0,0,0,279500
316,71,7795,7,5,2004,2005,716,716,1432,1,0,2,1,3,1,6,1,2,432,51,0,0,0,0,188500
601,74,10927,8,5,2005,2005,1058,846,1904,1,0,2,1,3,1,8,1,2,736,60,0,0,0,0,275000
388,72,7200,6,6,1976,1976,1125,0,1125,1,0,1,0,3,1,6,1,1,352,0,0,0,0,0,125000
1298,35,3675,6,5,2005,2006,1072,0,1072,1,0,2,0,2,1,5,0,2,525,44,0,0,0,0,140000
167,70,10708,5,5,1955,1993,1867,0,1867,1,0,1,0,2,1,7,3,1,303,0,0,0,142,0,190000
841,70,12155,6,8,1925,1950,810,672,1482,0,0,2,0,4,1,7,0,1,400,0,254,0,0,0,140000
21,101,14215,8,5,2005,2006,1158,1218,2376,0,0,3,1,4,1,9,1,3,853,154,0,0,0,0,325300
647,60,7200,5,5,1950,1950,1048,0,1048,0,0,1,0,3,1,7,0,2,420,27,0,0,0,0,98300
1155,70,13700,7,6,1965,1988,902,918,1820,0,0,1,2,4,1,8,2,2,492,84,0,0,273,0,201800
832,30,3180,7,5,2005,2005,520,600,1200,0,0,2,1,2,1,4,0,2,480,166,0,0,0,0,151000
1268,89,13214,9,5,2008,2009,2018,0,2018,0,0,2,0,3,1,10,1,3,746,76,0,0,0,0,378500
563,63,13907,5,6,1940,1969,996,0,996,1,0,1,0,3,1,6,1,0,0,0,0,0,0,0,108000
1423,37,4435,6,5,2003,2003,848,0,848,1,0,1,0,1,1,3,0,2,420,0,0,0,0,0,136500
687,84,10207,7,6,2007,2007,874,887,1761,0,0,3,0,3,1,7,0,2,578,105,0,0,0,0,227875
958,70,7420,5,5,1962,1962,1057,0,1057,0,0,1,0,3,1,6,0,2,576,0,0,0,0,0,132000
190,41,4923,8,5,2001,2002,1593,0,1593,1,0,1,1,0,1,5,1,2,682,120,0,0,224,0,286000
976,70,2651,7,5,2000,2000,673,709,1382,1,0,2,1,3,1,6,0,2,490,50,0,0,0,0,165000
700,59,4282,7,5,2004,2004,1391,0,1391,0,0,2,0,2,1,5,0,2,530,158,0,0,0,0,196000
511,75,14559,5,7,1951,2000,1363,0,1363,1,0,1,0,2,1,6,2,1,288,42,0,0,168,0,164900
1083,70,8749,7,5,2002,2002,1459,0,1459,0,0,2,0,3,1,6,1,2,527,39,0,0,0,0,192000
475,41,5330,8,5,2000,2000,1652,0,1652,1,0,2,0,2,1,6,0,2,499,48,0,0,0,0,251000
857,70,10970,6,6,1978,1978,1026,0,1026,1,0,1,0,3,1,5,0,2,576,0,34,0,0,0,147000
748,65,11700,7,7,1880,2003,1320,1320,2640,0,0,1,1,4,1,8,1,4,864,0,386,0,0,0,265979
253,65,8366,6,5,2004,2004,798,842,1640,0,0,2,1,3,1,6,0,2,520,45,0,0,0,0,173000
22,57,7449,7,7,1930,1950,1108,0,1108,0,0,1,0,3,1,6,1,1,280,0,205,0,0,0,139400
1338,153,4118,4,4,1941,1950,693,0,693,0,0,1,0,2,1,4,0,0,0,20,0,0,0,0,52500
460,70,7015,5,4,1950,1950,979,224,1203,1,0,1,0,3,1,5,1,1,352,0,248,0,0,0,110000
1185,50,35133,5,4,1963,1963,1572,0,1572,1,0,1,1,3,1,5,2,3,995,263,0,0,263,0,186700
277,129,9196,7,5,2003,2003,1560,0,1560,0,0,2,0,3,1,7,0,2,573,150,0,0,0,0,201000
956,82,7136,6,6,1946,1950,979,979,1958,0,0,2,0,4,2,8,0,2,492,0,0,0,0,0,145000
1216,99,7094,5,5,1966,1966,894,0,894,0,0,1,0,3,1,5,0,1,384,0,0,0,0,0,125000
386,43,3182,8,5,2004,2005,1269,0,1269,0,0,2,0,2,1,6,1,2,430,20,0,0,144,0,192000
806,91,12274,7,5,2008,2008,1428,0,1428,0,0,2,0,3,1,6,0,2,554,60,0,0,0,0,227680
1438,96,12444,8,5,2008,2008,1932,0,1932,1,0,2,0,2,1,7,1,3,774,66,0,304,0,0,394617
344,63,8849,9,5,2005,2005,1684,0,1684,0,0,2,0,2,1,6,1,2,564,72,0,0,0,0,266000
770,47,53504,8,5,2003,2003,1690,1589,3279,1,0,3,1,4,1,12,1,3,841,36,0,0,210,0,538000
1333,67,8877,4,6,1938,1958,816,0,816,1,0,1,0,2,1,3,1,1,288,0,0,0,0,0,100000
131,88,14200,7,6,1966,1966,1216,941,2157,0,0,2,1,4,1,8,2,2,487,66,0,0,0,0,226000
872,70,8750,6,5,1998,1998,804,878,1682,0,0,2,1,3,1,7,0,2,523,77,0,0,0,0,200500
1124,50,9405,5,9,1947,2008,698,0,698,0,1,1,0,2,1,4,0,0,0,200,0,0,0,0,118000
1397,70,57200,5,5,1948,1950,1687,0,1687,1,0,1,0,3,1,7,2,2,572,0,50,0,0,0,160000
88,40,3951,6,5,2009,2009,612,612,1224,0,0,2,1,2,1,4,0,2,528,234,0,0,0,0,164500
331,70,10624,5,4,1964,1964,1728,0,1728,0,1,2,0,6,2,10,0,1,352,0,0,0,0,0,119000
1239,63,13072,6,5,2005,2005,1141,0,1141,0,0,1,1,3,1,6,0,2,484,0,0,0,0,0,142500
467,85,10628,7,5,1970,1970,1277,0,1277,1,0,1,0,2,1,5,1,2,526,0,0,0,176,0,167000
122,50,6060,4,5,1939,1950,772,351,1123,0,0,1,0,3,1,4,0,1,264,0,140,0,0,0,100000
1045,80,9600,8,5,1981,1981,2524,0,2524,1,0,2,1,4,1,9,1,2,542,120,0,0,0,0,278000
1096,78,9317,6,5,2006,2006,1314,0,1314,0,0,2,0,3,1,6,1,2,440,22,0,0,0,0,176432
1131,65,7804,4,3,1928,1950,1328,653,1981,1,0,2,0,4,1,7,2,2,576,44,0,0,0,0,135000
1295,60,8172,5,7,1955,1990,864,0,864,1,0,1,0,2,1,5,0,2,572,0,0,0,0,0,115000
861,55,7642,7,8,1918,1998,912,514,1426,0,0,1,1,3,1,7,1,1,216,240,0,0,0,0,189950
1127,53,3684,7,5,2007,2007,1555,0,1555,0,0,2,0,2,1,7,1,3,660,20,0,0,0,0,174000
